id,vehicle_number,year,make,model,hit_run
2014010214-005817,1,2009,NISSAN,MAX, 
2014010214-005817,2,1995,LINCOLN,TOW, 
2014010214-083519,1,1998,GMC,JIMMY, 
2014010214-086659,1,2014,MAZDA,CX5, 
2014010214-099046,1,2001,HYUNDAI,ACC, 
201401072014006264,1,1987,CHEVROLET,FLT, 
201401072014006264,2,1986,CHEVROLET,CAP, 
201401072014008621,1,2013,HARLEY DAVIDSON,FLH, 
201401072014008621,2,2005,CHEVROLET,MON, 
2014010814-24813,1,2004,YAMAHA,660 RAPTOR, 
201401082014-00037745,1,2010,DODGE,CHALLENGER, 
201401082014-00037745,2,2005,TRIUMPH,BONNEVILLE, 
201401082014-00037745,3,2009,MERCEDES BENZ,S550, 
201401082014-00037745,4,2012,NISSAN,SENTRA, 
201401082014-00041347,1,2005,YAMAHA,R6, 
201401082014-00050862,1,2011,CHEVROLET,SILVERADO, 
201401082014-00050862,2,1990,YAMAHA,FZR1000, 
201401082014-35415,1,2005,AUDI,A4, 
20140108A160-2014-00356A,1,2010,HONDA,ACC, 
20140108A160201400356A,1,2010,HONDA,ACC, 
20140108I-2014-00477,1,2003,FORD,CROWN, 
20140108I-2014-00477,2,2008,LAND ROVER,LR2, 
201401112014-00007823,1,2005,JEEP,GRAND CHEROKEE, 
201401112014-00017970,1,2003,SATURN,ION, 
201401112014-00017970,2,2005,HONDA,ACCORD, 
201401112014-00018015,1,1998,TOYOTA,RAV4, 
201401112014-00018015,2,2010,HONDA,INSIGHT, 
201401112014-00020819,1,2009,BMW,328I, 
201401112014-00020819,2,2014,,, 
201401112014-00021358,1,2008,NISSAN,VERSA, 
201401112014-00021358,2,    ,,,Y
201401112014-00026789,1,2004,FORD,EXPLORER, 
201401122014003372,1,2012,NISSAN,MAX, 
201401122014010045,1,2008,JEEP,PAT, 
201401122014010045,2,2002,DODGE,RAM, 
201401122014013148,1,2008,HYUNDAI,TUC, 
201401122014016310,1,2012,HONDA,CIV, 
201401122014028537,1,2011,KIA,, 
201401122014028537,2,2013,CHEVROLET,CRU, 
201401122014039227,1,2007,MAZDA,RX, 
201401122014044558,1,2009,BUICK,LAC, 
20140113I-2014-06374,1,    ,,,Y
20140113I-2014-09557,1,2006,HONDA,TK, 
20140113I-2014-09557,2,2000,FORD,PKUP, 
20140113I-2014-10122,1,2002,CHRYSLER,VOY, 
20140113I-2014-10122,2,2011,CHEVROLET,PKUP, 
20140113I-2014-15297,1,2014,PETERBILT,TRT, 
20140113I-2014-15297,2,2002,JEEP,GRC, 
20140113I-2014-17729,1,2009,NISSAN,MAXIMA, 
20140113I-2014-19934,1,2007,JEEP,LIB, 
20140113I-2014-19934,2,    ,CHEVROLET,TRA, 
20140114I-2014-05586,1,2010,FORD,FUS, 
20140114I-2014-05586,2,2002,TOYOTA,HIG, 
20140114I-2014-07819,1,2000,JEEP,CHE, 
20140114I-2014-07819,2,2002,DODGE,CAR, 
20140117I-2014-010789,1,2013,CHEVROLET,SPRK, 
20140117I-2014-011372,1,2003,CHEVROLET,S10, 
20140121I-2014-002331,1,2001,CHEVROLET,BLZ, 
20140123A090-2014-00048A,1,1999,CHEVROLET,TAH, 
20140123A090-2014-00048A,2,2005,CHEVROLET,EQU, 
20140123A090-2014-00143A,1,    ,,,Y
2014020314-24296,1,    ,MERCEDES BENZ,,Y
2014020414-09824,1,2001,FORD,FOC, 
2014020514-04550,1,1998,GMC,SIERRA, 
2014020514-04550,2,1998,GMC,SAV, 
2014020514-10449,1,2003,NISSAN,PAT, 
20140206I-2014-005525,1,2010,TOYOTA,4D, 
20140206I-2014-005525,2,2003,LINCOLN,4D, 
20140206I-2014-005558,1,2010,NISSAN,SENTRA, 
20140206I-2014-011838,1,2001,MERCEDES BENZ,C240,Y
20140206I-2014-011838,2,2014,HONDA,ACCORD, 
20140206I-2014-011838,3,2004,JEEP,CHE, 
20140206I-2014-022382,1,2003,BUICK,REN, 
20140206I-2014-022382,2,2005,CHEVROLET,M/L, 
2014021014-20612,1,2003,CHEVROLET,WAGON, 
20140211B060-2014-00002A,1,2010,TOYOTA,RAV4, 
20140211B060-2014-00002A,2,2003,NISSAN,ALT, 
20140211I-2014-049261,1,2011,FREIGHTLI,CASCADIA, 
20140211I-2014-049261,2,2004,MAZDA,TRIBUTE, 
20140212B250-2014-00013A,1,2009,FORD,CROWN VIC, 
20140212ER-14-05960,1,1998,VOLVO,TRACTOR, 
20140212ER-14-07013,1,2010,SUBARU,4 DOOR, 
20140212ER-14-07013,2,2008,VOLKSWAGEN,4 DOOR, 
20140212ER-14-07013,3,2013,HONDA,4 DOOR, 
20140212ER-14-07958,1,2008,SATURN,UK, 
201402132014-006333,1,2006,TOYOTA,CAM, 
201402132014-006333,2,2013,TOYOTA,PRI, 
201402132014-006835,1,1986,CHEVROLET,COR, 
201402132014-006835,2,2013,GMC,ACA, 
201402132014-006835,3,2003,HYUNDAI,ELA, 
2014021414-06768,1,1998,BUICK,LES, 
20140215C-2014-002334,1,2014,TOYOTA,CAMRY,Y
20140215C-2014-002334,2,2004,KIA,SOR, 
20140215C-2014-002334,3,2014,TOY,4RU, 
20140215C-2014-002334,4,2003,CHEVROLET,MALIBU, 
20140215I-2014-002161,1,2003,HONDA,ACC, 
20140215I-2014-007036,1,2008,ACURA,TL, 
20140215I-2014-007036,2,2004,MITSUBISHI,LAN, 
20140215I-2014-025967,1,2009,TOYOTA,CAMRY, 
20140215I-2014-025967,2,2013,HYUNDAI,SONOTA, 
2014021714-19681,1,2004,SATURN,300, 
2014021814-1080-AC,1,2013,FORD,EDGE, 
2014021814-75-AC,1,2011,FORD,SEDAN, 
2014021814-75-AC,2,2001,TOYOTA,CAMRY, 
2014021814-75-AC,3,2002,SATURN,SEDAN, 
2014021814-75-AC,4,2006,NISSAN,MAXIMA, 
20140219I-2014-037355,1,2014,LEXUS,ES 350, 
20140219I-2014-037355,2,2007,HONDA,FIT, 
20140219I-2014-037355,3,2002,FORD,, 
20140219I-2014-054513,1,2009,SUBARU,LEGACY, 
2014022014-9077,1,2005,HONDA,ACC, 
20140220B060-2014-01549A,1,2010,TOYOTA,COROLLA, 
20140220B060-2014-01549A,2,2002,PETERBILT,TRK, 
20140220B060-2014-01549A,3,2011,HYUNDAI,TUC, 
20140221I-2014-002762,1,1988,FORD,CRV, 
20140221I-2014-002762,2,2002,AUDI,A4, 
20140221I-2014-030166,1,2013,HONDA,CIV, 
2014022314-13015,1,2013,FORD,WGN., 
2014022314-13015,2,2006,VOLKSWAGEN,4 DR., 
2014022314-13015,3,2013,HONDA,WGN., 
2014022314-14722,1,2007,BUICK,05/16, 
2014022314-22028,1,2013,FORD,, 
2014022314-22028,2,1996,VOLVO,, 
2014022314-22028,3,2012,NISSAN,ROGUE, 
2014022314-24765,1,2003,BUICK,REG, 
2014022314-24765,2,2012,NISSAN,VER, 
2014022314-36325,1,2004,MITSUBISHI,END, 
2014022314-67287,1,1995,BMW,32I, 
2014022314-89931,1,2008,SUBARU,LEGACY, 
20140223BC-14-048860,1,2013,HONDA,PILOT, 
20140223BC-14-048860,2,2003,MERCEDES BENZ,M50, 
20140223BC-14-050065,1,2002,VOLKSWAGEN,BETTLE, 
20140223BC-14-050065,2,2008,CHEVROLET,EXPRESS, 
20140225I-2014-11163,1,2003,CHEVROLET,T B, 
20140225I-2014-15207,1,2012,LEXUS,R35, 
2014022929-14-003537,1,2013,NISSAN,ALT, 
2014022929-14-003537,2,2008,CHEVROLET,SUB, 
201402312014-000667,1,2013,TOYOTA,SIE, 
201402312014-007516,1,2013,FORD,EXP, 
20140231BC-14-013969,1,2014,LAND ROVER,EVO?UE, 
20140231BC-14-017285,1,2013,FORD,EXPLORER, 
20140231BC-14-017285,2,2012,FORD,FUSION, 
2014023314-00465,1,2003,MCIN,UK, 
2014023314-03595,1,2014,TOYOTA,UK, 
20140233B060-2014-01058A,1,2004,CHEVROLET,VENTURE, 
20140233B060-2014-01058A,2,1998,HONDA,ACCORD, 
201402342014-009470,1,2010,CHRYSLER,TWC, 
201402342014-011024,1,2006,MAZDA,TRIBUTE, 
20140235MP-007820-14,1,2014,LEXUS,RX, 
2014023614-244,1,2007,TOYOTA,CAMRY, 
20140237M-14-68,1,2003,BMW,530, 
2014023914-7685,1,2000,FORD,EXP, 
2014023914-7685,2,2006,TOYOTA,4RN, 
2014024214-05553,1,2007,SUBARU,FOR, 
2014024414-05963,1,2010,HONDA,PILOT, 
2014024414-05963,2,2010,CADILLAC,CTS, 
20140245I-2014-006693,1,2011,TOYOTA,FJC, 
20140245I-2014-008554,1,2004,TOYOTA,HGH, 
20140245I-2014-013707,1,2012,MERCEDES BENZ,2012, 
20140245I-2014-013707,2,2007,HONDA,ODY, 
20140246I-2014-001191,1,2012,MITSUBISHI,LAN, 
20140246I-2014-003750,1,2012,KIA,SORENTA, 
20140246I-2014-051453,1,2011,TOYOTA,TUNDRA, 
2014024814-08972,1,2009,LEXUS,4 DR, 
2014024814-08972,2,2012,VANHO,BUS, 
2014024814-21152A,1,1998,JEEP,WAGON, 
20140249I-2014-002433,1,2005,FORD,F150, 
201402502014-07627,1,1995,NISSAN,SEN, 
201402502014-07627,2,2007,CHEVROLET,EQX, 
201402502014-10006,1,1998,HONDA,UCL, 
201402502014-10006,2,2006,DODGE,DAK, 
201402502014-16097,1,2013,TOYOTA,COR, 
20140251I-2014-005836,1,2003,FORD,PKUP, 
20140251I-2014-005836,2,2004,FORD,4 DOOR, 
20140251I-2014-018073,1,2012,NAB,BUS, 
20140251I-2014-018411,1,2013,TRI,BON, 
20140251I-2014-020228,1,2003,LEXUS,SUV, 
2014025214-4718,1,    ,DODGE,CH?BER, 
201402532014-001542,1,2006,FORD,MUSTANG, 
201402542014-011717,1,2014,JEEP,GRA, 
201402542014-011717,2,2001,ACURA,CL, 
201402542014-011717,3,2014,SUBARU,FOR, 
2014025614-03367,1,2005,TOYOTA,CAM, 
2014025614-08526,1,1999,FORD,VAN, 
2014025614-16929,1,1999,JEEP,GC, 
2014025614-16929,2,2011,HARLEY DAVIDSON,FLS, 
2014025614-20002,1,1993,TOYOTA,4D, 
2014025714-03897,1,1997,FORD,4 DR, 
2014025714-03897,2,2014,CHEVROLET,WAGON, 
2014025714-04029,1,2001,HONDA,ODYSEY, 
2014025714-04029,2,2013,KYMCO,SCOOTER, 
2014025714-07025,1,2006,NISSAN,ALTIMA, 
2014025714-07025,2,2007,FORD,FOCUS, 
2014026014-022338,1,2013,LEXUS,WAGON, 
2014026014-022338,2,2005,CHRYSLER,WAGON, 
20140260PD-14-028428,1,2013,YAMAHA,TT-R1252WE, 
20140260PD-14-039521,1,2005,CHEVROLET,TRAILBLAZER, 
20140260PD-14-039521,2,    ,,, 
20140261A2014-403,1,2013,TOYOTA,HIGHLANDER, 
20140261TY-14-04424,1,2013,HONDA,CRV, 
2014026314-126,1,2006,FORD,PU, 
2014026314-126,2,2013,TOYOTA,SIE, 
20140266140-14,1,1987,CHEVROLET,VAN, 
20140266140-14,2,2008,SUZUKI,GSX, 
20140266146-14,1,2011,CHRYSLER,T&C,Y
201402662014-005946/224-14,1,2004,HONDA,CRV, 
201402662014-005946/224-14,2,2009,KIA,RIO, 
20140267I-2014-007008,1,2012,CADILLAC,CTS, 
20140267I-2014-007008,2,2014,FORD,EXP, 
2014026914-22507,1,2008,,TG3, 
2014027014-08356,1,2011,TOYOTA,CELICA, 
2014027014-08356,2,2014,FORD,INTERCEPTOR, 
2014027014-08356,3,2011,FORD,CROWN VICTORIA, 
20140301C120-2014-00025A,1,2004,HYUNDAI,ELANTRA, 
20140302201401387,1,2006,HONDA,ODYSSEY, 
20140302201401387,2,2004,CHEVROLET,TRAILBLAZE, 
201403042014-734,1,2008,HONDA,CIVIC, 
201403042014-734,2,2007,KIA,SPORTAGE, 
201403042014-7787,1,2007,TOYOTA,FJC, 
201403042014-7787,2,1997,HONDA,CIVIC, 
20140304C020-2014-00601A,1,2005,HARLEY DAVIDSON,99, 
201403072014-7128,1,2005,YAMAHA,STAR, 
201403102014-2113,1,2010,HONDA,CIV, 
20140310201405583,1,2007,NISSAN,QUEST, 
20140310201405583,2,2007,GMC,SIERRA, 
20140312201400187,1,2002,HONDA,ACCORD, 
2014031314-2063,1,2012,HONDA,2DR, 
201403132014-5463,1,2008,LEXUS,WAG, 
201403132014-5463,2,2002,DODGE,PKUP, 
201403132014-6028,1,2007,INTERNATIONAL,TRUCK, 
20140316C020-2014-00117A,1,2002,CHEVROLET,CAMARO, 
20140316C020-2014-00909A,1,2002,CHEVROLET,TAH, 
20140316C020-2014-00909A,2,2013,NISSAN,ALTIMA, 
201403172014-7431,1,2000,HYUNDAI,SONATA, 
201403172014-7431,2,1995,GMC,SIERRA, 
201403182014-5108,1,2006,PONTIAC,G6, 
201403192014-1200,1,2009,HYUNDAI,SANTA FE, 
201403202014-2259,1,2005,HONDA,ACCORD, 
201403202014-2259,2,2008,FORD,F150, 
201403212014-1779,1,2010,HARLEY DAVIDSON,FTU, 
201403212014-1779,2,2008,HARLEY DAVIDSON,MC, 
201403222014-2854,1,2004,LEXUS,E53, 
201403222014-2854,2,    ,MITSUBISHI,LANCER,Y
201403222014-7009,1,2009,BUICK,ENC/WAGON, 
201403222014-7009,2,2009,FORD,SW, 
201403222014-7009,3,2001,BUICK,CEN, 
201403242014-04820,1,2004,JEEP,GCH, 
201403242014-07000,1,2013,CHEVROLET,CAP, 
201403242014-11523,1,2014,YAMAHA,FZ09, 
201403242014-11762,1,2008,HARLEY DAVIDSON,FLH, 
201403242014-11762,2,2007,FORD,EDGE, 
201403242014-22937,1,1999,TOYOTA,RUN, 
201403242014-24463,1,2000,JEEP,SPT, 
201403242014-24563,1,2005,SUBARU,FORRESTER, 
201403242014-24563,2,2009,NISSAN,ALT, 
201403242014-24563,3,2006,MERCURY,MIL, 
201403242014-24566,1,2009,PIA,FLY, 
201403242014-24566,2,2005,FORD,ESC, 
201403242014-24566,3,1998,HONDA,ACC, 
201403242014-26302,1,2011,BMW,535, 
201403242014-27672,1,1996,FORD,WIN, 
201403242014-27672,2,2005,MACK,TRK, 
201403282014-2901,1,2008,KIA,SPECTRA5, 
201403282014-2901,2,2006,YAMAHA,VN900, 
201403292014-10655,1,2004,HONDA,CBR, 
201403292014-10655,2,2006,CADILLAC,DTS, 
201403292014-16208,1,1996,YAMAHA,RT180, 
201403292014-16208,2,1997,FORD,F450, 
201403292014-2964,1,2000,FORD,F150, 
201403292014-2989,1,2003,DODGE,DURANGO, 
20140332C080-2014-00422A,1,1993,FORD,ECO, 
20140332C080-2014-00422A,2,2007,TOMO,LX, 
20140333C080-2014-00164A,1,1997,SATURN,SL2, 
20140333C080-2014-00164A,2,2006,TOYOTA,4RU, 
20140333C080-2014-00411A,1,2004,ACURA,RSX, 
20140333C080-2014-00411A,2,2001,JEEP,WRANGLER, 
20140333C080-2014-00593A,1,2005,CHEVROLET,CAV, 
20140333C080-2014-00593A,2,2004,FREIGHTLINER,M2, 
20140333C080-2014-00593A,3,1998,GMC,SIE, 
20140334M14-087,1,2013,TOYOTA,CAMRY, 
20140334M14-087,2,2000,NISSAN,MAX, 
20140334M14-087,3,1994,TOYOTA,CAMRY, 
20140334M14-227,1,2001,URA,SOL, 
20140334M14-252,1,2014,CHEVROLET,SILVERADO, 
20140334M14-252,2,1995,NISSAN,MAXIMA, 
20140335C080-2014-00310A,1,2003,FORD,TAURUS, 
201403372014-08494,1,2006,FORD,E-350, 
201403372014-08494,2,1996,HONDA,ACCORD, 
201403372014-10086,1,2007,NISSAN,PATHFINDER, 
201403372014-10086,2,2009,HONDA,CR-V, 
201403372014-10086,3,2007,TOYOTA,CAMRY, 
20140337C020-2014-00387A,1,2000,NISSAN,MAX, 
20140339C080-2014-00829A,1,2003,HONDA,99, 
201404012014-3783,1,2003,HONDA,450R CFR, 
201404012014-3783,2,2000,VOLKSWAGEN,2 DOOR,Y
20140404214001439,1,2011,CHRYSLER,300, 
20140404214001439,2,2003,NISSAN,ALT, 
20140404214003651,1,2003,FORD,PKUP, 
20140404214003651,2,1998,FORD,EXP, 
20140404A310-2014-02002A,1,2007,VOLKSWAGEN,RABBIT, 
201404081405030450,1,2008,FORD,WAG, 
201404081405030450,2,2003,FORD,MUS,Y
201404081405030450,3,2004,NISSAN,?TA?,Y
201404081405030450,4,1997,MITSUBISHI,GAL,Y
201404081405110330,1,2001,TOYOTA,CAMRY LE, 
201404081406211031,1,2011,CHEVROLET,CRUZE, 
201404081406211031,2,    ,SUZUKI,3KCX, 
201404081408240338,1,2009,PONTIAC,G6, 
20140408140912-2848,1,2011,KIA,SORRENTO, 
201404081409130646,1,1996,TOYOTA,CORROLA, 
201404081412125515,1,1998,MERCEDES BENZ,E320, 
201404081412125515,2,2004,PONTIAC,GRAND AM, 
201404081412125515,3,2010,HONDA,CIVIC, 
2014040914-004502,1,1998,HONDA,CIV, 
2014040914-021894,1,2003,MAZDA,MPV, 
2014040914-021894,2,2010,FORD,150, 
2014040914-026655,1,2003,DODGE,DAK, 
2014040914-026655,2,1998,LEXUS,ES300, 
2014040914-027402,1,2008,HONDA,ACC, 
2014040914-027402,2,2006,HONDA,ACC, 
2014040914-047923,1,2000,HYUNDAI,ELA, 
2014040914-057952,1,1996,FORD,EXP, 
2014040914-057952,2,2013,TOYOTA,SIE, 
2014040914-072165,1,2014,HYUNDAI,SON, 
2014040914-084252,1,1995,FORD,RAN, 
2014040914-084252,2,2012,DODGE,CHA, 
20140409D020-2014-00103A,1,2007,PETERBILT,TRK, 
20140409D020-2014-00103A,2,2010,BMW,328, 
20140409D020-2014-00103A,3,2000,,, 
201404122014-01132,1,2003,TOYOTA,CAMRY, 
201404122014-04732,1,2003,MERCURY,SABLE, 
201404122014-05633,1,2002,HONDA,CIVIC, 
20140414140196814,1,2002,MERCURY,4 DOOR, 
2014041514-010036,1,2002,PONTIAC,GRAND AM, 
2014041514-010036,2,2003,HYUNDAI,SANTA FE, 
2014041514-026124,1,2006,HONDA,4D, 
2014041514-027050,1,2013,DODGE,DART, 
2014041514-039366,1,2005,TOYOTA,COROLLA, 
201404172014-12696,1,2003,FORD,WIN, 
201404222014-002634,1,1998,DODGE,DUR, 
201404252014002193,1,2006,CHEVROLET,BLAZER, 
2014042714-32241,1,2006,CADILLAC,CTS, 
2014042714-32241,2,2011,ACURA,MDX, 
2014042714-8186,1,2005,MERCEDES BENZ,S50, 
20140427140052076,1,2006,CHEVROLET,IMPALA, 
201404302014-005152,1,1997,BUICK,SKY, 
2014043414-1004-AC,1,2010,FORD,F15, 
2014043414-1004-AC,2,2013,NISSAN,MURANO, 
2014043414-261-AC,1,2002,CHEVROLET,M C, 
2014043414-261-AC,2,2011,ACURA,RDX, 
2014043414-285-AC,1,2001,NISSAN,PTH, 
2014043414-285-AC,2,2014,MITSUBISHI,COO, 
2014043414-388-AC,1,2008,HYUNDAI,SON, 
2014043414-388-AC,2,2002,CHEVROLET,SUBURBAN, 
2014043414-466-AC,1,2008,DODGE,CRV, 
2014043414-466-AC,2,2006,HYUNDAI,ELA, 
2014043414-558-AC,1,2007,HONDA,CIVIC, 
2014043414-558-AC,2,2006,NISSAN,ASL, 
2014043414-793-AC,1,2008,HONDA,CRV, 
2014043414-811-AC,1,2005,HONDA,ODY, 
2014043414-811-AC,2,2000,MERCURY,SAB, 
2014043414-811-AC,3,2008,LEXUS,350, 
2014043414-99-AC,1,2007,DODGE,CHARGER, 
2014043414-99-AC,2,2008,GMC,YUK, 
2014043414-997-AC,1,2013,CHEVROLET,SON, 
2014043414-997-AC,2,    ,,,Y
201404362014-008330,1,2002,CHEVROLET,MALIBU, 
201404362014-022552,1,1994,CHEVROLET,CAVALIER, 
201404362014-023095,1,2005,MAZDA,3, 
201404362014-023095,2,2006,SUZUKI,BOULEVA, 
201404362014-023176,1,2003,DODGE,NEON, 
20140436A160-2014-00104A,1,2003,FORD,E450, 
20140436A160-2014-00272A,1,2014,TOYOTA,CAM, 
20140436A160-2014-00347A,1,2011,FORD,FOCUS, 
20140504A050-2014-00175A,1,2007,HYUNDAI,SONATA, 
20140504A050-2014-00441A,1,1989,HARLEY DAVIDSON,120, 
20140504A050-2014-00441A,2,2007,JEEP,COM, 
20140505I-2014-022254,1,2012,FORD,F-150, 
20140505I-2014-023940,1,2002,CHEVROLET,IMPALA, 
20140505I-2014-023940,2,2002,VOLVO,TR, 
20140505I-2014-036760,1,2013,NISSAN,SENTRA, 
20140505I-2014-038054,1,2004,TOYOTA,TUNDRA, 
20140506E030-2014-00663A,1,2002,FORD,EXPLORER, 
20140506I-2014-26837,1,2013,TOYOTA,PRIUS, 
20140506I-2014-26837,2,2006,MITSUBISHI,GALANT, 
20140506I-2014-29225,1,1996,CHEVROLET,BER, 
20140506I-2014-29225,2,1987,HARLEY DAVIDSON,FXS, 
20140506I-2014-33654,1,    ,FORD,F-250,Y
20140506I-2014-36380,1,1997,FORD,EXPEDITI, 
20140506I-2014-39633,1,1987,CHEVROLET,TRK, 
20140506I-2014-39633,2,2001,DODGE,RAM, 
2014050714-29039,1,2006,NISSAN,PATHFIND,Y
2014050714-40584,1,2007,TOYOTA,4DOOR, 
2014050814-17718,1,2006,DODGE,VAN, 
20140508PD-14-32209,1,2006,FORD,TAURUS, 
20140511A050-2014-00010A,1,2004,HONDA,CIV, 
20140511E030-2014-00479A,1,1998,MACK,99, 
201405142014-022891,1,    ,,,Y
20140516A050-2014-00267A,1,1998,MERCURY,SAB, 
20140601BR-28274-14BR-0282?,1,1999,ACURA,TL, 
20140604A100-2014-00548A,1,1998,FORD,150, 
20140605A040-2014-00656A,1,2001,MITSUBISHI,GAL, 
20140605A100-2014-00316A,1,2003,MITSUBISHI,GALANT, 
20140607A040-2014-00372A,1,2009,DODGE,CALIBER, 
20140608A100-2014-00055A,1,2003,FORD,TAURUS, 
20140608A100-2014-00055A,2,1988,INTERNATIONAL,S1700, 
20140608A100-2014-00055A,3,1989,FORD,L7000, 
20140608A100-2014-00055A,4,1988,GMC,7000, 
20140609A100-2014-00194A,1,2000,DODGE,AVE, 
20140609A100-2014-00194A,2,2011,FORD,RNG, 
20140609A100-2014-00333A,1,2002,HONDA,VTX1800, 
20140609A100-2014-00354A,1,2003,HONDA,CRV, 
20140609A100-2014-00549A,1,2011,JEEP,WRS, 
2014061014-31900,1,2001,HONDA,MC, 
20140613A040-2014-00160A,1,2005,HONDA,CIVIC, 
20140613A040-2014-00168A,1,2007,JEEP,WRANGLER, 
20140613A040-2014-00168A,2,2004,JEEP,CHEROKEE, 
201406142014000181,1,2007,HYUNDAI,ACC, 
201406142014007219,1,2000,FORD,F15, 
201406142014007219,2,2000,YAMAHA,YFR, 
201406142014039992,1,2002,CHEVROLET,C15, 
201406142014039992,2,2007,SUZUKI,FRN, 
201406142014041203,1,2011,HONDA,CIV, 
201406142014041203,2,2006,SAAB,93, 
201406142014042571,1,1991,CHEVROLET,CAP,Y
201406142014042571,2,2009,HONDA,ACC, 
201406142014049955,1,2011,NISSAN,MUR, 
201406142014049955,2,2010,CADILLAC,CTS, 
201406142014059916,1,2007,TOYOTA,CAM, 
201406142014059916,2,2003,HD,FLS, 
201406142014059916,3,1998,KENWORTH,, 
201406142014066466,1,1997,HONDA,CIV, 
20140614A090-2014-00211A,1,2002,DODGE,NEO,Y
201407012014-1484,1,1997,HONDA,ACC, 
201407012014-1484,2,2006,GMC,TG2, 
201407012014-22854,1,2001,SUZUKI,4DR, 
201407012014-2290,1,2008,DODGE,CALIBER, 
201407012014-22988,1,1994,MAZDA,B30, 
201407012014-23456,1,1998,CHEVROLET,MAL, 
201407012014-23456,2,2006,FORD,EXP, 
2014070214-033207,1,2001,FORD,2DR, 
2014070214-033207,2,2009,HYUNDAI,4 DR, 
2014070214-20838,1,2006,DODGE,CAR, 
2014070214-4645,1,2007,MERCEDES BENZ,ML3, 
2014070214-6251,1,2012,NAB,, 
2014070214-6683,1,2001,CHRYSLER,SEB, 
2014070414-09646,1,2014,LINCOLN,MKX, 
2014070414-16981,1,2014,BMW,X5, 
2014070414-16981,2,2007,HARLEY DAVIDSON,XL1, 
201407042014-1827,1,2007,TOYOTA,CAM, 
201407042014-1827,2,2009,CADILLAC,CTS, 
201407042014-1827,3,2011,LEXUS,E35, 
2014070514-021561,1,2005,DODGE,MAGNUM, 
2014070514-021561,2,1999,BMW,4DR, 
2014070514-5003,1,2003,NISSAN,XTERR, 
2014070514-5003,2,2003,NISSAN,ALTIMA, 
2014070514-5003,3,2004,CHEVROLET,EXP,Y
2014070514-5003,4,2002,FORD,WINDSTAR, 
201407062014-002829,1,2014,NISSAN,ALT, 
201407062014-008523,1,1997,JEEP,CHE, 
201407062014-008523,2,2014,HONDA,CRV, 
201407072014-2361,1,1981,YAMAHA,MC, 
201407072014-2641,1,2011,BUICK,LEC, 
201407072014-681,1,2014,NISSAN,SENTRA, 
201407072014-681,2,2012,FORD,F550, 
2014070814-12403,1,2005,TOYOTA,COR, 
20140709I-2014-087270,1,2002,FORD,MUSTANG, 
20140709I-2014-109256,1,2001,GMC,YUK, 
20140709I-2014-109256,2,2006,LEXUS,RX4, 
2014071114-21305,1,2003,HONDA,CIVIC, 
2014071114-22915,1,1995,CHEVROLET,LUM, 
2014071114-22915,2,2002,SUZUKI,MC, 
20140712C-2014-002361,1,2008,MITSUBISHI,LANCER, 
20140712C-2014-002361,2,1999,TOYOTA,COROLLA, 
20140712I-2014-007553,1,2004,MERCURY,SAB, 
20140712I-2014-007553,2,2004,JEEP,LIB, 
20140712I-2014-010602,1,    ,MERCURY,GDM, 
20140712I-2014-010602,2,2011,KAWASAKI,ZX1, 
2014071314-RED-035,1,2006,INFINITI,4 DOOR, 
2014071314-RED-095,1,2009,HONDA,4 DOOR, 
2014071314RED1194,1,1998,NISSAN,4 DR, 
2014071314RED1222,1,2000,ACURA,4 DR, 
2014071314RED567,1,2008,NISSAN,FRONTIER, 
2014071401260,1,2003,MAZDA,, 
2014071413893-14,1,2002,FORD,EXP, 
2014071414-129,1,    ,,,Y
2014071414-14449,1,2013,CHRYSLER,4S, 
2014071414-14449,2,    ,HONDA,ACCORD, 
2014071414-15534,1,2003,BUICK,RENDEZVOUS, 
2014071414-16017,2,    ,PONTIAC,,Y
2014071414-18891,2,    ,,SUV,Y
2014071414-19329,1,    ,HENSIM,BAJA, 
2014071414-19329,2,    ,JEEP,WAGON,Y
2014071414-22536,1,2007,VOLKSWAGEN,RAB,Y
2014071414-25339,1,2001,HONDA,ACC, 
2014071414-25755,1,2003,PONTIAC,4DR, 
2014071414-25755,2,2000,MOTORCYCLE,DIRT, 
2014071414-26498,1,2002,BUICK,, 
2014071414-26498,2,2000,DODGE,DURANGO, 
2014071414-26498,3,2006,TOYOTA,, 
2014071414-27003,1,2012,SUBARU,FORRESTER, 
2014071414-27115,1,2002,JEEP,CHER, 
2014071414-27115,2,1990,HONDA,4 DR, 
2014071414-29910,1,2003,SUZUKI,GSX, 
2014071414-29910,2,    ,DODGE,DURANGO,Y
2014071414-30075,1,2014,HONDA,CIVIC, 
2014071414-30507,1,2006,LEXUS,IS250, 
2014071414-30507,2,2001,YAMAHA,YZF, 
2014071414-31152,2,    ,,,Y
2014071414-32791,1,2008,MERCEDES BENZ,4DR, 
2014071414-32791,2,2014,CHEVROLET,TRA?SE, 
2014071414-34441,1,1998,SUZUKI,MC, 
2014071414-42259,1,1997,ACURA,CL, 
2014071414-42380,1,1999,HONDA,V3W, 
2014071414-42899,1,2003,MITSUBISHI,,Y
2014071414-43582,1,2003,MITSUBISHI,GALANT, 
2014071414-43582,2,1995,FORD,ECOLINE, 
2014071414-47181,1,1999,CHEVROLET,MALIBU, 
2014071414-47181,2,1997,NISSAN,QUEST, 
2014071414-47497,1,2005,CHRYSLER,300, 
2014071414-52848,1,2006,HONDA,CIVIC, 
2014071414-54882,1,    ,FORD,CROWN VIC,Y
2014071414-56135,1,2007,LAND ROVER,HSE, 
2014071414-57151,1,2007,HONDA,VAN, 
2014071414-57151,2,2005,FORD,WAGON, 
2014071414-60734,1,1999,NISSAN,MAXIMA, 
2014071414-62652,1,2007,BMW,MC, 
2014071414-65499,1,1998,BMW,4DR, 
2014071414-65694,2,2005,CHEVROLET,300,Y
201407142014-12978,1,    ,DODGE,NEON,Y
201407142014-53137,1,2000,CHEVROLET,BLZ, 
2014071427278,1,2007,CADILLAC,SRX, 
2014071427278,2,1992,LEXUS,SC4, 
2014071427319,1,2004,FORD,WAGON, 
2014071427319,2,2001,CHEVROLET,4 DR, 
2014071432941,1,2011,NISSAN,WAGON, 
2014071432941,2,2010,TOYOTA,CAM, 
2014071448166,1,2001,NISSAN,QUEST, 
2014071448166,2,1994,TOYOTA,COROLLA, 
2014071451304-14,1,2004,HONDA,PIL, 
2014071451304-14,2,2008,FORD,WAGON, 
2014071451304-14,3,2004,FORD,EXPEDITION, 
2014071451304-14,4,2001,VOLKSWAGEN,JETTA, 
20140714B060-2014-03184A,1,2003,JEEP,LIB, 
20140714B060-2014-03184A,2,2014,SUBARU,TRI, 
20140714B130-2014-00326A,1,2001,CHEVROLET,IMPALA, 
20140714B130-2014-00326A,2,2008,CADILLAC,SRX, 
20140714C-2014-002776,1,2005,HARLEY DAVIDSON,MC, 
20140714C-2014-002776,2,1998,HARLEY DAVIDSON,, 
20140714C14038479,1,2014,TOYOTA,SIENA, 
20140714C14038479,2,2002,SUZUKI,EZX, 
20140714D030-2014-00552A,1,2005,CHEVROLET,EQUINOX, 
20140714D030-2014-03274A,1,2005,HONDA,ODESSEY, 
20140714D030-2014-03274A,2,    ,,,Y
2014071614-28277,1,1998,MACK,DM6,Y
2014071614-29572,1,1994,GMC,P'UP, 
2014071614-29572,2,2004,MERCURY,SAB, 
2014071614-29572,3,2002,HONDA,ODY, 
2014071614-29572,4,2007,VOLKSWAGEN,JET, 
2014071614-29572,5,2014,FORD,TRK, 
20140717I-2014-032893,1,2002,NISSAN,SENTRA, 
20140718B060-2014-03108A,1,2009,HYUNDAI,ELANTRA, 
2014071914-8327,1,2015,CHEVROLET,TAH, 
2014072014011190,1,2005,PETERBILT,DP, 
2014072014011190,2,2013,SUBARU,LEG, 
2014072014011190,3,2010,TOYOTA,HIG, 
2014072014011190,4,2002,FORD,MUS, 
2014072014011190,5,1995,DODGE,RAM, 
201407212014-007609,1,2013,FORD,INTER, 
2014072214001926,1,2008,BMW,328, 
2014072214006043,1,2003,LEXUS,WAG, 
2014072214006043,2,2005,HONDA,4DR, 
2014072214006155,1,1999,MAZDA,626, 
2014072214006155,2,2010,TOYOTA,COROLLA, 
201408012014-10150,1,2013,ACURA,ILX, 
20140802A310-2014-01178A,1,2010,HONDA,ACCORD, 
20140802A310-2014-02253A,1,2014,CHEVROLET,CRU, 
20140802A310-2014-02253A,2,2012,NISSAN,ROG, 
201408032014002413,1,2012,NISSAN,ARMADA, 
201408032014002413,2,1997,BUICK,PA, 
201408032014013473,1,2006,DODGE,DAKODA, 
201408032014013473,2,2007,CHEVROLET,EQU, 
20140804201400162,1,2003,CHEVY,TRAILBLAZER, 
20140804201403938,1,1993,FORD,TAURUS, 
20140804201406682,1,2006,VOLKSWAGEN,PASSAT, 
201408052014-1132,1,2000,CHRYSLER,SEDAN, 
201408052014-13902,1,1977,HARLEY DAVIDSON,SG, 
201408052014-13902,2,2009,KIA,SOR, 
201408052014-16283,1,1994,CHEVROLET,CON, 
201408052014-17768,1,1998,MITSUBISHI,ECL, 
201408052014-17768,2,2008,CHEVROLET,EQU, 
201408052014-20971,1,2003,JEEP,GRC, 
201408052014-21520,1,2008,TOYOTA,SCION TC, 
201408052014-24377,1,2006,CHRYSLER,TOW, 
201408052014-24377,2,2005,FORD,F350, 
201408052014-4133,1,1998,CHEVROLET,MON, 
201408052014-4133,2,2005,FORD,FLS, 
201408052014-7374,1,1997,HONDA,4DR, 
201408052014-8664,1,2004,DODGE,DAK.; PK-UP, 
201408052014-8664,2,2001,GMC,SIE.; PK-UP, 
201408052014013578,1,2010,LINCOLN,NAV, 
20140805A310-2014-02185A,1,1986,HONDA,GOLDWING, 
20140805A310-2014-02185A,2,2013,KIA,OPTIMA, 
20140805A310-2014-02185A,3,1999,TOYOTA,COROLLA, 
20140805A310-2014-02185A,4,2013,TOYOTA,COROLLA, 
20140805A310-2014-02185A,5,2005,HYUNDAI,SONATA, 
20140805A310-2014-02185A,6,1993,WSTR,490, 
201408062014025132,1,2002,DODGE,ITR, 
20140806A310-2014-00766A,1,2009,NISSAN,ALTIMA, 
20140806A310-2014-00766A,2,2007,MACK,DUMP, 
20140807201413908,1,2008,FORD,EXPLORER, 
20140807201416904,1,2001,FORD,TAURUS, 
20140807201417808,1,1986,FORD,F150, 
20140807201417808,2,2003,NISSAN,350, 
201408082014012817,1,2009,HARLEY DAVIDSON,ST, 
201408082014012817,2,2011,CHEVROLET,EXP, 
201408082014013675,1,2006,CHEVROLET,EQU, 
201408082014025575,1,2003,BMW,325, 
201408082014029662,1,2014,FORD,EC3, 
201408082014029662,2,2007,JEEP,CMD, 
20140809A140-2014-00057A,1,2014,JEEP,GRAND, 
20140809A140-2014-00057A,2,2007,FREIGHTLINER,CST, 
201408102014013621,1,1995,FORD,TAU, 
201408112014000271,1,2003,HYUNDAI,ELN, 
201408112014000271,2,2009,INFINITI,G37, 
201408112014000311,1,2008,HYUNDAI,ELN, 
201408112014000311,2,1991,FORD,F15, 
201408112014000311,3,2006,TOYOTA,COR, 
201408112014003412,1,1996,HONDA,CIV, 
201408112014003412,2,2002,NISSAN,ALT, 
201408112014005929,1,1997,MITSUBISHI,ECL, 
201408112014005929,2,1995,BUICK,ROA, 
201408112014005929,3,1997,LEXUS,300, 
201408112014007570,1,2005,CHEVROLET,CLD, 
201408112014007570,2,2004,SATURN,VUE, 
201408112014009629,1,2000,PONTIAC,GRA, 
201408112014009629,2,2012,MERCEDES BENZ,, 
201408112014009731,1,2000,FORD,EXP, 
201408112014013014,1,2003,FORD,FOC, 
201408112014015890,1,2002,HARLEY DAVIDSON,ST, 
201408112014017044,1,2004,TOYOTA,4RN, 
201408112014017044,2,2008,LEXUS,R35, 
201408112014017044,3,2002,HONDA,CIV, 
201408112014019203,1,2010,DODGE,R15, 
201408112014020037,1,2009,NISSAN,ROG, 
201408112014020037,2,2002,DODGE,NEO, 
201408112014021044,1,2000,MERCURY,SAB, 
201408112014021044,2,2014,HYUNDAI,SON, 
201408112014022672,1,2003,TOYOTA,RAV, 
201408112014022672,2,1998,HARLEY DAVIDSON,20S, 
201408112014026420,1,2006,FORD,F25, 
201408112014028471,1,2013,YAMAHA,, 
201408112014028471,2,2006,YAMAHA,, 
201408112014028677,1,2003,INFINITI,G35, 
201408152014008894,1,1994,HONDA,, 
201408152014008894,2,1999,CHEVROLET,, 
201408152014009337,1,1998,TOYOTA,UVS, 
201408152014009337,2,2006,HONDA,ACC, 
201408152014009337,3,2000,MAZDA,626, 
2014081814-29725,1,2001,FORD,EXPLORER, 
2014081814-29725,2,2011,HYUNDAI,ELA, 
2014081814-29725,3,2008,PONTIAC,G P, 
2014081814-303,1,2008,FORD,F-250, 
201408182014-1184,1,2002,CHEVROLET,VEN, 
201408182014-1184,2,2002,AME,BUS, 
201408182014031056,1,2005,YAMAHA,, 
201408182014039740,1,2006,VOLKSWAGEN,JET, 
201408182014039740,2,2006,FORD,F15, 
201408182014039740,3,2005,BUICK,LES, 
201408182014050279,1,2007,HONDA,, 
201408182014051157,1,2008,LEXUS,ES, 
201408182014051157,2,2014,CHEVROLET,SLV, 
201408182014051958,1,2004,PONTIAC,GRA, 
201408182014051958,2,2012,CHRYSLER,200, 
201408182014051959,1,2004,PONTIAC,GRA, 
201408182014051959,2,2014,KIA,FOR, 
20140820A310-2014-01202A,1,2008,NISSAN,FRO, 
201409012014-48549,1,2011,HONDA,CIVIC, 
201409012014-48549,2,2014,FORD,FUSION,Y
201409012014-7477,1,2004,DODGE,DURANGO, 
201409012014-7477,2,2014,CHEVROLET,CAM, 
201409012014-8043,1,2002,FORD,ESC, 
201409012014-8043,2,1999,LEXUS,300, 
201409012014-8050,1,2003,BUICK,CEN, 
201409012014-8050,2,2005,TOYOTA,COR, 
20140903I-2014-000340,1,2011,MITSUBISHI,LAN, 
20140903I-2014-000340,2,2010,HYUNDAI,SAN, 
20140903I-2014-016285,1,2004,FORD,EC3, 
20140903I-2014-016285,2,2000,GMC,JIMMY', 
2014090414-012218,1,2005,CHRYSLER,TOW, 
2014090514-53029,1,2000,CHEVROLET,MALIBUE, 
2014090514-53029,2,2014,SUBARU,FOR, 
2014090514-53029,3,2008,NISSAN,ALT, 
2014090611735-14,1,2008,HONDA,FIT, 
2014090614-15200,1,2011,DODGE,CHARGER, 
2014090614-15200,2,2012,HONDA,CRV, 
2014090615684-14,1,2013,HONDA,MO?, 
201409061594-14,1,2007,TOYOTA,HIGHLANDER, 
2014090618166-2014,1,2003,HARLEY DAVIDSON,MC, 
201409062276/2014,1,2007,KAWASAKI,MC, 
201409062276/2014,2,2010,TOYOTA,4DR, 
2014090626030-14,1,2004,KAWASAKI,ZX636B, 
2014090626030-14,2,2008,FORD,?D, 
2014090627108-14,1,2010,CHEVROLET,AVE, 
2014090627359-14,1,2012,HYUNDAI,SON, 
2014090627359-14,2,2014,HYUNDAI,ACC, 
2014090627359-14,3,2000,DODGE,WAG, 
20140906498-14,1,    ,,,Y
201409068012-14,1,2005,FORD,VAN, 
2014090714011883,1,2007,INFINITI,4 DR, 
2014090714011883,2,2003,NISSAN,4 DR, 
2014090714012395,1,2013,HONDA,4DOOR, 
2014090714012395,2,2010,NISSAN,PICKUP, 
2014090714012934,1,1995,BUICK,CEN, 
2014090714012934,2,2007,DODGE,DUR, 
2014090714013419,1,2000,DODGE,WAG, 
2014090714013419,2,2006,MACK,TRACTOR, 
2014090914-010094,1,2011,HONDA,CIV, 
2014090914-010094,2,2010,TOYOTA,4-RUNNER, 
2014090914-010094,3,2011,CADILLAC,CTS, 
2014090914-010094,4,2006,FREIGHTLINER,TRT, 
2014090914-011886,1,2008,PETERBILT,389, 
2014090914-013306,1,2013,NISSAN,JUK, 
2014090914-013306,2,2007,MERCEDES BENZ,450 SERIES, 
2014090914-019375,1,2009,HONDA,ACCORD, 
20140910140-13106,1,2008,TOYOTA,YARIS, 
20140910140-13106,2,2005,DODGE,NEON, 
20140910140-66972-14,1,2000,KAWASAKI,MC, 
20140910140-66972-14,2,1998,DODGE,4DR, 
2014091014079034,1,    ,,,Y
2014091014090046,1,2007,FORD,VAN, 
2014091114-04-15-009265,1,2005,NISSAN,MAX, 
2014091114-12-11-032695,1,2008,TOYOTA,HIG, 
20140912I-2014-000123,1,2011,LEXUS,RX, 
201410042014-015286,1,2006,BMW,325, 
201410042014-015286,2,2006,FORD,F150, 
201410042014-015286,3,2007,VOLVO,S60, 
2014100714063427,1,2011,AUDI,CONV, 
2014100714063427,2,    ,,MC, 
2014100714063856,1,1991,CHEVROLET,PKUP, 
20141008C040-2014-00252A,1,1992,SAAB,900, 
20141014I-2014-06159,1,2007,MACK,TRK, 
2014101514-0965,1,2003,YAMAHA,, 
2014101514-0970,1,2002,BUICK,WAGON, 
2014101714003099,1,2002,CHRYSLER,VOYAGER, 
2014101714003099,2,2006,CADILLAC,STS, 
2014101714003099,3,2012,HYUNDAI,4 DOOR, 
20141019100-14,1,2014,FORD,FUSION, 
20141019100-14,2,2002,HARLEY DAVIDSON,SPORTSTER, 
20141019101-14,1,2002,FORD,F-350, 
2014102114035343,1,2011,AUDI,Q7, 
2014102114105079,1,2008,BMW,328, 
2014102114105079,2,2002,HONDA,, 
2014102114111625,1,2005,GEO,STE, 
2014102114111625,2,2012,TOYOTA,RAV, 
2014102114120694,1,2003,BMW,530, 
2014102214070637,1,2011,FORD,FUSION, 
2014102214070637,2,1996,TOYOTA,4RUNNER, 
2014102214070637,3,2001,BUICK,LESABRE, 
2014102214085308,1,2006,ACURA,TL, 
2014102214108189,1,2015,YAMAHA,FZ7, 
2014102414035463,1,2010,BMW,5, 
2014110114-10217,1,2005,CHEVROLET,EQUINOX, 
2014110114-10586,1,2001,SATURN,SL, 
20141102C060-2014-00083A,1,2008,VOLVO,XC70, 
20141102I-2014-006065,1,2006,HYUNDAI,ELA, 
20141102I-2014-014119,1,    ,JEEP,,Y
20141102I-2014-021701,1,2009,HONDA,ACC, 
2014110314-39121,1,2004,SUBARU,FORESTER, 
2014110314-39121,2,2001,HONDA,CR-V, 
2014110314-39121,3,2009,NISSAN,MURANO, 
2014110314-50712,1,2006,BMW,325, 
2014110314-8703,1,2002,FORD,SUV, 
20141103C020-2014-00376A,1,1995,FORD,EXP, 
20141103C020-2014-00376A,2,2008,AC,TL, 
20141103C060-2014-00125A,1,2002,CHRYSLER,TOWN & COUNTRY, 
20141106HT2014-000892,1,2011,CHEVROLET,MALIBU, 
20141106HT2014-000892,2,2001,TOYOTA,PRIUS, 
20141106HT2014-018902,1,1995,FORD,ESCORT, 
20141106HT2014-018945,1,2005,BUELL,FIREBOLT, 
20141106HT2014-018945,2,2010,HONDA,CIVIC, 
20141106HT2014-026459,1,2008,ACURA,MDX, 
20141106HT2014-026459,2,2010,HYUNDAI,ELANTRA, 
2014110714-10369-AC,1,2006,NISSAN,ALTIMA, 
2014110714-30238-AC,1,2002,VOLKSWAGEN,JET, 
2014110714-30238-AC,2,2002,FORD,F2S, 
2014110714-31676-AC,1,2003,HYUNDAI,ELA, 
20141107C060-2014-01101A,1,2007,KENWORTH,T80, 
20141107C060-2014-01101A,2,2012,MAZDA,CX-9, 
2014111114003612,1,2006,TOYOTA,SIENNA, 
2014111114006098,1,2001,YAMAHA,, 
2014111114006098,2,2004,NISSAN,PAT, 
2014111114007101,1,    ,,, 
2014111114007848,1,2003,JEEP,LIBERTY, 
2014111114007848,2,    ,,, 
2014111114011681,1,1998,FORD,CON, 
2014111114012313,1,    ,,,Y
2014111214-13559,1,2006,JEEP,LIBERTY, 
2014111214-13559,2,2008,GMC,2500, 
20141112I-2014-003221,1,2006,FORD,F15, 
20141112I-2014-015844,1,2008,LEXUS,ES350, 
20141112I-2014-025950,1,    ,,, 
20141112I-2014-025950,2,2004,HONDA,ACC,Y
201411132014-017675,1,2003,MITSUBISHI,LANCER, 
201411132014-017675,2,2000,VOLKSWAGEN,JETTA, 
201411132014-1155,1,2012,HONDA,FIT, 
2014111414-26775,1,2013,TRIUMPH,TIGER XC, 
2014111414-28992,1,2005,JEEP,LIBERTY, 
20141202D010-2014-00905A,1,2015,LEXUS,LS400, 
20141202I-2014-002337,1,2010,TOYOTA,PRIUS, 
20141202I-2014-002813,1,2013,BUICK,ENCLAVE, 
20141202I-2014-002813,2,2012,NISSAN,MAXIMA, 
20141202I-2014-004805,1,2012,SUBARU,LEGACY, 
20141202I-2014-006923,1,2009,FORD,ESCAPE, 
20141202I-2014-006923,2,2006,KIA,SORENTO, 
20141202I-2014-006953,1,2006,INTERNATIONAL,4300, 
20141202I-2014-010528,1,2013,VOLKSWAGEN,JETTA, 
2014120414-38104,1,2006,HONDA,ACCORD, 
2014120414-45300,1,2014,CHEVROLET,CG3, 
2014120414-45300,2,2001,SUZUKI,GSX, 
2014120414-48641,1,1997,,CYC, 
2014120414-56829,1,2012,CHEVROLET,SUB, 
2014120414-67014,1,2002,TOYOTA,ECH, 
2014120414-67014,2,2006,CHEVROLET,COB, 
2014120414-67014,3,2012,MAZDA,3, 
2014120414-67084,1,2007,PONTIAC,G5, 
2014120414-67084,2,2010,NISSAN,SEN, 
2014120414-69972,1,2013,HYUNDAI,TUC, 
2014120514004938,1,2008,JEEP,4DR, 
2014120514004938,2,2002,HONDA,4DR, 
2014120514027970,1,2012,MITSUBISHI,TRK, 
2014120514034451,1,2008,SATURN,SAT, 
2014120514034451,2,2000,FORD,CVC, 
2014120514034938,1,2000,TOYOTA,CAM, 
2014120514037273,1,2001,DODGE,DUR, 
2014120514039580,1,2013,KIA,4DR, 
2014120514040169,1,2004,HINO,TRUCK, 
2014120514040169,2,2004,HYUNDAI,ELN, 
2014120514040169,3,2002,MAZDA,PRO, 
2014120514040169,4,2010,NISSAN,SEN, 
2014120514044351,1,2014,HONDA,CRV, 
2014120514044351,2,2013,DODGE,CHL, 
2014120514051999,2,2007,GMC,YUK, 
2014120514060776,1,2006,,B9, 
20141205B130-2014-03355A,1,2008,NISSAN,ALT, 
20141205B130-2014-03355A,2,2009,STERLING,VUE, 
2014120814-6425,1,2004,TOYOTA,MAT, 
2014120914002313,1,2000,GMC,JIMMY, 
2014120914007795,1,2007,TOYOTA,FJ, 
2014120914007795,2,2003,HYUNDAI,SANTE FE, 
2014120914010736,1,1997,FORD,F450, 
2014120914010736,2,1999,CHEVROLET,SUBURBAN, 
2014120914010736,3,2011,HYUNDAI,SONATA, 
2014120914010736,4,2008,BMW,X3, 
2014120914010736,5,2008,JEEP,LIBERTY, 
2014120914010736,6,2008,FORD,EDGE, 
2014120914010736,7,2005,ACURA,TSX, 
2014120914015832,1,2000,JEEP,GRAND CHE, 
2014120914015832,2,2010,FORD,MUSTANG, 
2014120914020747,1,2006,HONDA,ODYSSEY, 
2014120914020747,2,1994,TOYOTA,CAMRY, 
2014120914023853,1,2013,MERCEDES BENZ,ML3, 
2014120914034897,1,2007,DODGE,CAL, 
2014120914034897,2,2002,LEXUS,300, 
20141212D010-2014-00683A,1,1998,MERCEDES BENZ,E320, 
20141212D010-2014-00683A,2,2013,FREIGHTLINER,CA1, 
2014121414-00052,1,    ,,, 
2014121414-13910,1,2010,MAZDA,M3S, 
2014121414-25462,1,2006,FORD,FIVE, 
2014121414-28692,1,1998,TOYOTA,RAV4, 
2014121414-28692,2,2001,HONDA,WAG, 
2014121414-29599,1,2010,DODGE,CRT, 
2014121414-29599,2,2014,MITSUBISHI,OUT, 
2014121414-29599,3,2005,HONDA,CIV, 
2014121414-40705,1,2003,HARLEY DAVIDSON,FXS, 
2014121414-40705,2,2003,TOYOTA,CAM, 
2014121514013801,1,2009,TOYOTA,CAM, 
2014121514013801,2,2014,FORD,ESC, 
2014121614044614,1,2013,CHEVROLET,SPA, 
2014121614051045,1,2011,NISSAN,SENTRA, 
2014121614051045,2,2000,HONDA,CIVIC, 
2014121614051045,3,2006,DODGE,MAGNUM, 
2014121614051045,4,2003,HYUNDAI,SANTA FE, 
2014121614057000,1,2008,BMW,525I, 
2014121614057000,2,2012,HONDA,XR6, 
20141216B130-2014-02736A,1,2010,TOYOTA,COR, 
2014121714004206,1,2000,CHEVROLET,CAV, 
2014121714004314,1,2003,TOYOTA,COROLLA, 
2014121714004314,2,2004,NISSAN,PATHFIND, 
2014121714004314,3,2006,TOYOTA,SCION, 
2014121714009981,1,2006,TOYOTA,SCION TC, 
2014121714014070,1,    ,HONDA,CIVIC, 
2014121714020198,1,2013,SUZUKI,MC, 
2014121714020198,2,1999,TOYOTA,CAM, 
2014121714023812,1,2013,HYUNDAI,SAN, 
2014121814-14573,1,1995,SATURN,SL2, 
2014121914008839,1,2007,HARLEY DAVIDSON,XB9, 
2014121914017863,1,2012,TOYOTA,CAMRY, 
2014121914017863,2,1995,FORD,TAURUS, 
20141219E050-2014-01318A,1,2001,FORD,RANGER, 
20141221D010-2014-00312A,1,1991,HONDA,ACCORD, 
20141221D010-2014-00312A,2,2002,SAAB,SDN, 
20141221D010-2014-00312A,3,2004,INFINITI,TOW TRUCK, 
20141221I-2014-051733,1,2001,KENWORTH,TT, 
2014122314-253-AC,1,1998,FORD,EXP, 
2014122514014846,1,1990,ACURA,4DR, 
2014122514022988,1,    ,,,Y
2014122514045526,1,2013,INFINITI,SUV, 
2014122514096155,1,2004,,TRAILER, 
2014122514098921,1,1998,LINCOLN,SUV, 
2014122514102417,1,2008,HONDA,CRV, 
2014122514130837,1,2010,TOYOTA,COR, 
2014122514130837,2,1997,HARLEY DAVIDSON,XL, 
20141225D010-2014-00763A,1,2003,FREIGHTLINER,TT, 
20141225D010-2014-01610A,1,2007,JEEP,99, 
20141225D010-2014-01610A,2,2011,CHRYSLER,200, 
20141225E040-2014-03425A,1,2008,AUDI,A4, 
20141225E050-2014-01616A,1,2010,HONDA,CRV, 
20141225E050-2014-01616A,2,2005,HARLEY DAVIDSON,FXD, 
20141225E050-2014-01616A,3,2006,HARLEY DAVIDSON,FXD, 
2014130314AP10798,1,2000,CHRYSLER,CIRRUS, 
201413062014-12354,1,2007,TOYOTA,CAM, 
201413062014-270,1,2009,NISSAN,MURANO, 
2014130714-050,1,2011,KAWASAKI,EX6, 
2014130714-050,2,2012,CHRYSLER,TOW, 
2014130914CN11013,1,2005,MACK,TRK, 
2014131514-448,1,    ,,,Y
2014131514-466,1,2007,FORD,PICKUP, 
2014131614FT02385,1,2008,HYUNDAI,ELA, 
2014131614FT02385,2,2012,AUDI,A5, 
2014131614FT02385,3,2011,BLU,B2V, 
2014131614FT02385,4,2002,LINCOLN,CON, 
2014131614FT15660,1,2012,CADILLAC,SRX, 
2014131614FT24855,1,1998,CHEVROLET,SLV, 
2014131614FT25730,1,2011,JEEP,LRO, 
2014131614FT27494,1,2008,JEEP,WRA, 
2014131614FT27494,2,2014,AUDI,Q5, 
2014131614FT27494,3,2015,BMW,5, 
2014131714-1300,1,2006,PONTIAC,4 DR, 
2014131814-6107-AC,1,2004,PONTIAC,GTO, 
2014131814-9233-AC,1,2010,HONDA,FIT, 
2014131914-22094-AC,1,2014,ACURA,ILX, 
2014131914-22094-AC,2,2008,CHEVROLET,COB, 
2014131914-24403-AC,1,2009,FORD,FUSION, 
2014131914-31002-AC,1,2008,HONDA,CIVIC, 
2014131914-32368-AC,1,2001,VOLKSWAGEN,GTI, 
2014131914-51963-AC,1,2011,HYUNDAI,ELANTRA, 
2014131914-6328-AC,1,2003,CADILLAC,CTS, 
2014131914-6328-AC,2,2001,YAMAHA,GRIZZLY 600 4X4, 
2014132114-290,1,2006,DODGE,CHARGER,Y
2014132214-2063,1,2006,HONDA,ACC, 
20141323I-2014-005560,1,2007,TOYOTA,CAM, 
20141324LAPD2014-001417,1,2005,TOYOTA,PRI, 
2014132514MU07419,1,2011,TOYOTA,4 DR, 
2014132614-MN18398,1,2006,TOYOTA,CAM, 
2014132614-MN18398,2,2005,FORD,RANGER, 
2014132614MN07807,1,2007,TOYOTA,SIE, 
2014132614MN07807,2,2011,TOYOTA,CAM, 
2014132614MN18332,1,2010,CHEVROLET,SIL, 
2014132614MN18332,2,2013,TOYOTA,CAM, 
2014132814-17348,1,2007,NISSAN,ALT, 
2014132914-4789,1,2000,TOYOTA,COROLLA, 
20141330E050-2014-00756A,1,2003,SUZUKI,GSX, 
20141330I-2014-005609,1,2005,SUBARU,FORESTER, 
20141330I-2014-010807,1,2004,KAWASAKI,NIN, 
20141330I-2014-010807,2,2006,CHRYSLER,4TR, 
20141330I-2014-014755,1,2002,TOYOTA,SEQUA, 
20141330I-2014-014755,2,2005,HUMMER,H 2, 
201413311402280083,1,2001,FORD,WAGON, 
201413311402280083,2,2007,SATURN,ION, 
201413311402280083,3,2003,MERCURY,SABLE, 
20141331140305-00104,1,2011,NISSAN,ROGUE, 
20141331140305-00104,2,2012,FORD,MSTANG, 
201413311405170001,1,2002,TOYOTA,TUNDRA, 
201413311406150067,1,2009,TOYOTA,HIGHLANDER, 
201413311408260101,1,2010,TOYOTA,CAM, 
201413311408260101,2,2008,GMC,AC?, 
201413311408260101,3,2002,ACURA,RSX, 
201413311408260101,4,2007,DODGE,GC, 
20141331140831-0101,1,1997,HARLEY DAVIDSON,HERT MC, 
20141331140831-0101,2,1998,JEEP,CHER 4 DR, 
2014133114105170001,1,2002,TOYOTA,TUNDRA, 
2014133414NT01251,1,1990,HONDA,ACC, 
2014133414NT17379,1,2013,HARLEY DAVIDSON,FLH, 
2014133414NT26943,1,    ,,,Y
2014133414NT28028,1,2002,HONDA,ACC, 
2014133414NT28028,2,2008,FORD,FUS, 
2014133414NT28028,3,2002,CHRYSLER,VOY, 
2014133414NT28813,1,2009,BLU,BUS, 
20141336E050-2014-01728A,1,2006,TOYOTA,CAMRY, 
20141336E050-2014-01728A,2,2001,BUICK,CENTURY, 
2014133714OT10423,1,2000,FORD,MUS, 
20141338I-2014-006161,1,1999,NISSAN,PFI, 
2014133914-110-AC,1,2005,TOYOTA,SCI, 
2014133914-110-AC,2,2005,NISSAN,SEN, 
2014133914-218-AC,1,2011,NISSAN,MAX, 
2014134014-12284,1,2000,PORSCHE,BOX, 
2014134014-13487,1,2009,CHRYSLER,TNC, 
20141343MV2014-009,1,    ,,, 
20141343MV2014-057,1,2004,CHRYSLER,SEABRING, 
20141343MV2014-057,2,2005,FORD,ECONOLINE, 
201413522014-01120,1,1998,FORD,P/U, 
201413522014-01120,2,    ,,, 
201413522014-01833,1,2004,CHEVROLET,TAH, 
201413522014-02797,1,2009,HONDA,CBR, 
201414042014-005495,1,1998,JEEP,G C, 
201414052014-012953,1,2010,TOYOTA,COR, 
201414082014-014019,1,2006,HARLEY DAVIDSON,, 
201414082014-014019,2,2010,LEXUS,H25, 
201414082014-021120,1,1964,CHEVROLET,CORVETTI, 
201414082014-028965,1,2004,GMC,, 
201414082014-028965,2,2013,HYUNDAI,SON, 
201414082014-028965,3,2010,,COR, 
20141408B080-2014-01107A,1,2014,HONDA,CIVIC, 
201414092014-003757,1,2002,JEEP,LRO, 
201414092014-009907,1,2009,SAAB,93, 
201414092014-009907,2,2003,MITSUBISHI,CON, 
201414092014-009907,3,2005,HYUNDAI,TIB, 
2014141014-03150,1,2012,HONDA,CIV, 
2014141014-9806,1,2014,JEEP,COMPASS, 
2014141014-9806,2,1999,TOYOTA,COROLLA, 
201414132014-006805,1,2001,GMC,G25, 
2014141420140009609,1,2002,CHEVROLET,COR, 
2014141514-0846,1,2005,AUDI,OTH, 
2014141614-03930,1,    ,TOYOTA,P/U, 
2014141614-07634,1,2011,CHEVROLET,2 DR, 
2014141614-07634,2,2001,CHRYSLER,VAN, 
201414222014-027773,1,2005,CHEVROLET,MLT, 
201414242014-033379,1,2013,GMC,SIERRA, 
20141424B080-2014-02427A,1,2000,TOYOTA,SOL, 
201414262014-008180,1,2002,TOYOTA,CAM, 
201414262014-008180,2,2013,RAM,RAM, 
201414282014-003984,1,2011,,EDG, 
2014142914-18182,1,2003,ACURA,S-2, 
2014142914-18182,2,2006,CHEVROLET,EXP., 
20141429B080-2014-00990A,1,2015,SUBARU,OUTBACK, 
20141429B080-2014-00990A,2,    ,SUBARU,FORRESTER, 
20141429B080-2014-01970A,1,2005,INFINITI,G35, 
20141429B080-2014-01970A,2,2005,INTERNATIONAL,99, 
201414302014-002076,1,2006,FORD,F-350, 
20141431I-2014-015834,1,2013,FORD,TRA, 
20141431I-2014-015834,2,2012,FORD,EXP, 
201414322014-009704,1,2001,HONDA,ACC, 
201414322014-009704,2,2001,CHRYSLER,TC, 
201414322014-026231,1,2014,HONDA,CIVIC, 
201414322014-026231,2,2006,SUZUKI,GSX, 
201414322014-026650,1,2007,NISSAN,ALT, 
201414322014-027065,1,1997,FORD,TAU, 
201414322014-027396,1,1999,SUBARU,FOR, 
201414322014-039885,1,1999,FORD,MUS, 
201414322014-039885,2,2005,CHEVROLET,CBT, 
20141435B080-2014-01696A,1,2001,TOYOTA,CAMRY, 
20141435I-2014-011457,1,2002,FORD,MUSTANG, 
20141435I-2014-011457,2,2002,SATURN,SL1 4DR, 
20141435I-2014-011457,3,2004,FORD,FORD, 
20141435I-2014-033774,1,2009,HONDA,CIV, 
20141435I-2014-033774,2,2000,TOYOTA,COR, 
201414362014-005777,1,2004,NISSAN,X-TERRA, 
201414362014-005777,2,2007,CHEVROLET,IMP, 
201414362014-005777,3,2010,HONDA,CRV, 
201414362014-017234,1,2013,FORD,550, 
201414362014-017234,2,2005,HYUNDAI,XG3, 
201414382014-023871,1,2013,HONDA,ELA, 
201414382014-023871,2,2005,HARLEY DAVIDSON,MOTORCYCLE, 
201414392014-016010,1,2007,TOYOTA,CAM, 
201414392014-016010,2,2014,LEXUS,IS, 
201414392014-016010,3,2012,HYUNDAI,ELA, 
2014150514-187,1,2006,CHEVROLET,SILVERADO, 
2014150514-444,1,2001,FORD,TAURUS, 
2014150514-625,1,2012,KIA,SOUL, 
201415062014-00030276,1,2002,HARLEY DAVIDSON,, 
201415062014-00030276,2,2007,NISSAN,SENTRA, 
201415062014-00033993,1,2012,HYUNDAI,ELANTRA, 
201415062014-00033993,2,2007,TOYOTA,SEQUOIS, 
201415062014-00049103,1,1999,HARLEY DAVIDSON,?AIL, 
201415062014-00049103,2,1968,FORD,MUSTANG, 
201415062014-00054967,1,2011,CHEVROLET,SUBURBAN, 
2014150714-16426,1,1991,HONDA,CIV, 
2014150714-16426,2,2005,MAZDA,3, 
2014150714-32713,1,2011,SUBARU,LEG, 
2014150714-32713,2,2010,JEEP,WRG, 
2014150714-33107,1,2013,GMC,SIE, 
2014150714-3408,1,2005,BUICK,CEN, 
2014150714-3408,2,2006,JEEP,WXR, 
2014150714-34792,1,2010,HARLEY DAVIDSON,MC, 
2014150714-34825,1,2004,KAWASAKI,NIN, 
2014150714-34825,2,1994,LEXUS,4DR, 
2014150714-37719,1,2004,HONDA,CIV, 
2014150714-37719,2,2013,DODGE,CHA, 
2014150714-37834,1,2012,NISSAN,SEN, 
2014150714-37834,2,2004,CHRYSLER,SEB, 
2014150714-44669,1,2013,LEXUS,L45, 
2014150714-45226,1,2007,FORD,FUS, 
2014150714-45226,2,2000,HARLEY DAVIDSON,MC, 
2014150714-4653,1,2009,NISSAN,ALT, 
2014150714-4653,2,2012,HONDA,CIV, 
2014150714-48451,1,2002,DODGE,NEO, 
2014150714-50269,1,2003,TOYOTA,ECH, 
2014150714-52431,1,1991,NISSAN,NX, 
2014150714-61286,1,2009,VOLVO,XC9, 
2014150714-61286,2,1997,HONDA,UAX, 
2014150714-63518,1,2001,MERCURY,GMQ, 
2014150714-63518,2,2007,HONDA,PIL, 
2014150714-67058,1,2000,HONDA,ACC, 
2014150714-67058,2,2014,KIA,SOU, 
2014150714-7155,1,2002,CHRYSLER,SEB, 
2014150714-7155,2,2012,HONDA,CIV, 
20141507E030-2014-00291A,1,1999,JEEP,GRAND CHEROKEE, 
20141511I-2014-000316,1,1998,FORD,F 150, 
20141511I-2014-001522,1,2005,FORD,MUSTANG, 
20141511I-2014-001541,1,2010,FORD,TAU, 
20141511I-2014-001541,2,2009,TOYOTA,CAM, 
20141511I-2014-005761,1,2001,HONDA,CIV, 
20141511I-2014-005761,2,2007,FORD,MUS, 
20141511I-2014-008496,1,2012,CADILLAC,CTS, 
20141511I-2014-008496,2,2007,CHEVROLET,EXP, 
20141511I-2014-010448,1,2007,KENWORTH,T80, 
20141511I-2014-011462,1,2009,HYUNDAI,ACC, 
20141511I-2014-031542,1,1996,NISSAN,PATHFIND, 
20141511I-2014-042028,1,2006,CHEVROLET,EXP, 
20141511I-2014-047897,1,2005,TOYOTA,TERCEL, 
20141511I-2014-048010,1,1998,HONDA,ACC, 
20141511I-2014-048095,1,2005,CHEVROLET,IMP, 
2014151214-014839,1,2013,CHEVROLET,IMPALA, 
2014151214-037893,1,2006,GMC,YUKON, 
2014151214-037893,2,2013,HARLEY DAVIDSON,, 
2014151214-042154,1,2001,FORD,MUSTANG, 
2014151214-042154,2,1998,HONDA,ACCORD, 
201415132014-010303,1,2001,BUICK,CENTRY, 
201415132014-010303,2,2002,HYUNDAI,SONATA, 
2014151414-001259,1,2013,M,C30, 
2014151414-001259,2,2008,FORD,F25, 
2014151414-001877,1,2013,FORD,EDGE, 
2014151414-015434,1,2011,,E35, 
2014151414-015434,2,2013,HYUNDAI,ELA, 
2014151414-015434,3,1997,FORD,RAN, 
2014151414-017385,1,2003,KIA,SEDONA, 
2014151414-019344,1,2000,HONDA,VAN, 
2014151414-021980,1,2003,HYUNDAI,TIBURON, 
2014151414-021980,2,    ,,, 
2014151414-022504,1,2013,HONDA,SW, 
2014151414-022504,2,2004,AUDI,A4, 
2014151414-026733,1,2002,DODGE,, 
2014151414-026733,2,2006,FORD,, 
2014151414-027055,1,2011,HYUNDAI,SON, 
2014151414-028584,1,2001,MITSUBISHI,ECL, 
2014151414-028584,2,1994,GMC,JIM, 
2014151414-028584,3,1999,CHEVROLET,BZR, 
2014151414-062440,1,    ,,,Y
2014151414-065449,1,1998,ACURA,35R, 
2014151414-067331,1,2014,M,SPR, 
2014151414-067331,2,2014,NISSAN,QUEST, 
2014151414-067834,1,2000,KIA,SEP, 
2014151414-067834,2,2010,TOYOTA,CAM, 
2014151414-067834,3,2006,CHEVROLET,TRL, 
2014151414-068137,1,2008,NISSAN,ALT, 
2014151414-069510,1,2012,TOYOTA,4 RUNNER, 
2014151414-069510,2,1990,FORD,MUS, 
2014151414-077183,1,2000,OLDS,ALE, 
20141514E030-2014-00026A,1,2009,NISSAN,MAXIMA, 
20141514E030-2014-01206A,1,2007,NISSAN,ALTIMA, 
20141514E030-2014-01206A,2,2013,FORD,ESCAPE, 
2014151614-16079,1,2008,CHEVROLET,SDN, 
2014151614-5814,1,1997,PONTIAC,4DR, 
2014151614-5814,2,2010,TOYOTA,MINIVAN, 
2014151614-97,1,1993,FORD,P/U, 
2014151614-97,2,2008,CHEVROLET,COBALT, 
201415182014-121,1,2006,KENWORTH,DUMP, 
201415182014-247,1,2001,NISSAN,SENTRA, 
201415182014-247,2,2011,HYUNDAI,SONATA, 
201415182014-312,1,2013,HYUNDAI,SON, 
201415182014-366,1,2006,BUICK,LUC, 
201415182014-366,2,2010,SUBARU,IMPREZZA, 
201415182014-466,1,2012,HARLEY DAVIDSON,UNKNOWN, 
201415182014-625,1,2003,HONDA,ELEMENT, 
201415182014-867,1,2012,SUBARU,OUTBACK, 
20141520I-2014-22036,1,2013,HONDA,CRV, 
20141520I-2014-22892,1,2003,NISSAN,350, 
20141520I-2014-22892,2,1995,FORD,ESC, 
20141520I-2014-22897,1,2002,CHRYSLER,SEB, 
20141520I-2014-25045,1,2010,HARLEY DAVIDSON,MC, 
20141520I-2014-30422,1,1995,SUBARU,LEGACY, 
20141520I-2014-31138,1,2001,MITSUBISHI,ECLIPSE,Y
2014152414-376-AC,1,2003,OLDS,SIL, 
2014152414-376-AC,2,2004,FORD,FOCUS, 
2014152514-291,1,2011,GMC,TK2, 
20141530E030-2014-00237A,1,2010,SUBARU,FORESTER, 
20141530E030-2014-00237A,2,2010,CHEVROLET,TAHOE, 
20141530E030-2014-00237A,3,2004,NISSAN,MAXIMA, 
20141530I-2014-005412,1,2009,GOS,GCI, 
20141530I-2014-005412,2,2005,DODGE,RAM, 
20141530I-2014-005412,3,2003,SUZUKI,XL7, 
2014153314023394,1,2007,MACK,CV7, 
2014153314030084,1,2012,HONDA,NC700, 
2014153314030084,2,2006,SUBARU,FORESTER, 
2014153314034917,1,1987,KAWASAKI,KL650, 
2014153314044586,1,2004,HONDA,PILOT, 
2014160214-100718,1,1997,OTTAWA,TRT, 
2014160214-12302,1,2013,FORD,F150, 
2014160214-12782,1,2003,NISSAN,WAG, 
2014160214-12782,2,2008,CHEVROLET,WAG, 
2014160214-2188,1,2001,MERCEDES BENZ,GL450, 
2014160214-2188,2,2013,HONDA,ACCORD,Y
2014160214-2188,3,2004,HONDA,ODYSSEY, 
2014160214-3258,1,2004,DODGE,NEON,Y
2014160214-3914,1,2006,CHEVROLET,E350, 
2014160214-8036,1,2006,TOYOTA,COROLLA, 
2014160214-952,1,2014,HONDA,ACCORD, 
2014160214-9822,1,1993,OLDS,CUT, 
201416022014-11291,1,1999,TOYOTA,RAV 4, 
201416022014-3245,1,1993,CHEVROLET,PRISU,Y
201416022014-3245,2,1997,TOYOTA,COROLLA, 
201416022014-3245,3,2013,FORD,EXPLORER, 
201416022014-9566,1,2009,CHEVROLET,COBALT, 
20141602E040-2014-00641A,1,2003,KIA,OPT, 
2014160314-01316,1,2006,HUMMER,WGN., 
2014160314-01316,3,2012,MINI,2DR, 
2014160514-01711,1,2007,CHEVROLET,TAHOE, 
2014160514-02454,1,2005,NISSAN,ALTIMA, 
2014160514-02454,2,1998,HONDA,ULX, 
2014160614-2445,1,2002,ACURA,RSX, 
2014160614-2445,2,2000,TOYOTA,SOL, 
20141608038238-14,1,2012,BMW,S5, 
20141608038238-14,2,1998,HONDA,ULX, 
20141608089013-14,1,2005,CADILLAC,CIS, 
20141608089013-14,2,2012,CHRYSLER,SDN, 
2014160814-013115,1,2006,FORD,VAN, 
2014160814-013115,2,1998,TOYOTA,, 
2014160814-013115,3,2001,HONDA,, 
2014160814-014445,1,2005,FORD,EXP, 
2014160814-014445,2,2010,CHEVROLET,TAH, 
2014160814-014445,3,2004,CHEVROLET,TRA, 
2014160814-020632,1,2013,TOYOTA,RAV4, 
2014160814-022639,1,2004,MAZDA,M35, 
2014160814-022639,2,2004,FORD,EXP, 
2014160814-022639,3,    ,,, 
2014160814-058722,1,2008,CHEVROLET,COBOLT, 
2014160814-066800,1,2006,FORD,E25, 
2014160814-066800,2,1995,KAWASAKI,MC, 
2014160814-070104,1,2005,FORD,F-150, 
2014160814-093798,1,2001,VOLVO,TRK, 
2014160814-095880,1,    ,,,Y
2014160814-098025,1,2003,LEXUS,300, 
2014160814-098025,2,2004,HONDA,ACC, 
2014160814-108778,1,2001,NISSAN,VAN, 
2014160814-1109812,1,2005,MACK,TRK, 
2014160814-115424,1,2001,FORD,150, 
2014160814-115864,1,2013,CHRYSLER,200, 
2014160814-116257,1,2014,TOYOTA,CAMRY, 
2014160814-116257,2,1997,NISSAN,MAXIMA, 
2014160814-116257,3,2003,GMC,SONOMA, 
2014160814-744759,1,2007,YAMAHA,YZA50, 
2014160814-744759,2,2004,FORD,WAGON, 
2014160814-98586,1,2001,ISUZU,TRK, 
2014160814-98586,2,1998,OLDS,4DR, 
2014160814104032,1,2011,INFINITI,M37, 
2014160814104032,2,2001,HONDA,ODY, 
2014160814104032,3,2003,FORD,ESCAPE, 
20141608142014-049863,1,1998,HONDA,ACC., 
20141608142014-049863,2,    ,,, 
201416081456738,1,    ,YAMAHA,450, 
20141608PCSD14-04444,1,2005,FORD,WGN., 
20141611I-2014-009667,1,2010,SUZUKI,ATV, 
201416142014001377,1,2012,TOYOTA,CAM, 
201416142014001377,2,1996,DODGE,330, 
201416142014015869,1,2008,FORD,EDG, 
201416142014015869,2,1993,BUICK,CEN, 
201416142014015869,3,2014,YAMAHA,MC, 
201416142014029632,1,2012,INFINITI,G37, 
201416142014032196,1,1998,FORD,CW3, 
201416142014032196,2,2002,CHEVROLET,MAL, 
201416142014042352,1,2009,BMW,335, 
201416142014042352,2,2015,MAZDA,MZ3, 
201416142014042352,3,2015,MAZDA,MZ3, 
201416142014042352,4,2015,MAZDA,MZ3, 
201416142014042352,5,2015,MAZDA,MZ3, 
201416142014042352,6,2013,CHEVROLET,IMP, 
201417042014-003966,1,2011,CHEVROLET,TRAVERSI, 
20141707D020-2014-00688A,1,    ,,,Y
20141709A140-2014-00213A,1,2008,HONDA,CIVIC, 
20141709A140-2014-00213A,2,2000,FORD,F150, 
20141710A040-2014-00453A,1,1998,CHEVROLET,BLAZER, 
20141710A040-2014-00453A,2,2001,CADILLAC,SEV, 
20141711A140-2014-00499A,1,2012,NISSAN,MAXIMA, 
20141714A140-2014-00453A,1,1998,HONDA,CIVIC, 
20141714A140-2014-00453A,2,2003,CHRYSLER,SEBRING, 
2014180114018950,1,2001,FORD,WAGON, 
2014180114018950,2,2001,HONDA,ACCORD, 
20141802B130-2014-03990A,1,1997,ACURA,INT, 
20141802BT-2014-000522,1,2013,HONDA,CIV, 
20141802BT-2014-000522,2,2004,TOYOTA,SIE, 
20141802BT-2014-000690,1,2011,BUICK,ENCLAVE, 
20141802BT-2014-001663,1,2000,MERCEDES BENZ,500, 
20141802BT-2014-003607,1,2003,HONDA,CBR, 
20141803I-2014-010963,1,2003,TOYOTA,AVALON, 
2014180414003076,1,2005,TOYOTA,CAM, 
2014180514006690,1,2011,TOYOTA,RAV, 
201418062014-00000954,1,2010,HONDA,CRV, 
201418062014-00003472,1,2010,HYUNDAI,GENESIS, 
201418062014-00003472,2,2007,HONDA,RIDGELINE, 
20141806B130-2014-02505A,1,2012,FORD,FOCUS, 
2014180814012471,1,2001,TOYOTA,COR, 
2014180814012471,2,2004,FORD,CROWN VI, 
201418102014-343,1,2008,CHRYSLER,PTC, 
201418102014-343,2,2000,CHRYSLER,CIR, 
2014181114084436,1,2002,DODGE,DAKOTA, 
20141814I-N2014-011459,1,2007,LEXUS,ES, 
20141814I-N2014-032871,1,2014,FORD,TAURUS, 
20141814I-N2014-032871,2,2000,MAZDA,PROTEGE, 
20141814I-N2014-034683,1,2013,HYUNDAI,SANTA FE, 
2014181814010496,1,2001,HYUNDAI,ELN, 
2014181814010496,2,2006,LEXUS,IS, 
20141820B130-2014-00161A,1,2005,CHEVROLET,, 
20141820I-2014-000962,1,1999,NISSAN,MAXIMA, 
20141820I-2014-000962,2,2008,MERCURY,MOUNTAINE, 
2014182114-02642,1,2008,TOYOTA,HGH, 
2014182114-02642,2,2005,HONDA,CRV, 
2014182114-10052,1,2002,FORD,XPL, 
2014182114-13665,1,2014,TOYOTA,AVA, 
20141902I-2014-004952,1,1999,BMW,R12, 
20141902I-2014-004952,2,2013,FORD,ESC, 
20141902I-2014-005769,1,2003,DODGE,GRA, 
20141902I-2014-005769,2,2003,HONDA,CIV, 
20141904BP2014-002462,1,2005,SATURN,ION, 
20141904BP2014-002462,2,1999,JEEP,CHK, 
20141905B050-2014-01186A,1,2012,FIAT,500, 
20141905B050-2014-01186A,2,2003,DODGE,RAM, 
20141906FP2014-002465,1,2003,DODGE,RAM, 
20141907B050-2014-00630A,1,2005,HYUNDAI,ELA, 
2014191114-02417,1,2013,DODGE,DAR, 
2014191114-02417,2,2012,KIA,SOU, 
2014191214-05099,1,2013,TOYOTA,SIE, 
20141914B050-2014-00345A,1,1996,FORD,EXP, 
20141914B050-2014-00345A,2,2007,SUZUKI,GRAND VITARA, 
20141914B050-2014-00375A,1,1998,FORD,ECONOLINE, 
20141914B050-2014-00375A,2,2009,HONDA,INSIGHT, 
2014191814ST06861,1,1996,HONDA,ACC, 
20141918ST2014-014879,1,2010,CADILLAC,DEV, 
20141918ST2014-014879,2,2014,MACK,GU7, 
2014192214-08416,1,2004,CHEVROLET,TBZ, 
2014192214-16252,1,1995,JEEP,CHE, 
2014192214-23190,1,2008,HONDA,FIT, 
20141924B050-2014-00753A,1,2006,HONDA,CBR, 
20141924B050-2014-00932A,1,2003,MITSUBISHI,LAN, 
20141924B050-2014-00932A,2,2000,SATURN,SL1, 
2014200214-21938,1,1998,SATURN,4 DR, 
20142002E040-2014-02347A,1,2012,CHEVROLET,SIL, 
20142002E040-2014-02347A,2,2005,UNK,M2100, 
2014200414-10178,1,2005,CHRYSLER,300, 
2014200414-10178,2,2013,TOYOTA,HIGHLANDER, 
2014200414-10385,1,1997,NISSAN,SENTRA, 
2014200414-15876,1,2004,NISSAN,4 DR., 
2014200414-15876,2,1998,JEEP,1998, 
2014200414-19655,1,1991,CHEVROLET,CAM, 
2014200414-19655,2,2003,DODGE,NEON, 
2014200414-23507,1,2013,HONDA,CRV, 
2014200414-23507,2,2013,TOYOTA,COR, 
2014200414-4761,1,1997,FORD,F250, 
2014200414-4761,2,1998,TOYOTA,CORR, 
2014200414-5532,1,2005,TOYOTA,XB, 
2014200414-8656,1,2006,BMW,325XI, 
2014200414-8656,2,2014,FORD,FIESTA, 
2014200414-9118,1,2009,HONDA,ACC, 
2014200414-9118,2,    ,SATURN,ION, 
2014200414-9118,3,2001,CHRYSLER,TC, 
201420042014-005773,1,2007,TOYOTA,PRIUS, 
201420042014-005773,2,1999,CHEVROLET,CAV, 
201420042014-005773,3,2013,FREIGHTLINER,TRT, 
20142004D030-2014-00137A,1,2007,FORD,F15, 
20142004D030-2014-00137A,2,2004,VOLVO,S60, 
20142004D030-2014-00138A,1,2004,CHEVROLET,TRA, 
20142004D030-2014-00138A,2,2007,FORD,F15,Y
2014200714-13764,1,2001,JAGUAR,STY, 
20142007B130-2014-00298A,1,2013,TOYOTA,CAM, 
20142007B130-2014-00298A,2,2004,CHEVROLET,SUBURBAN, 
2014200814-04003,1,2008,NISSAN,SEN, 
2014200814-04003,2,2001,TOYOTA,COR, 
20142009D010-2014-00946A,1,2007,SATURN,SL, 
20142009D010-2014-00946A,2,    ,UNK,00,Y
20142009D030-2014-02197A,1,2008,SUZUKI,XR1, 
20142009PD-14-18097,1,2008,FORD,MUSTANG, 
20142009PD-14-18176,1,2013,HONDA,PLT, 
20142009PD-14-18176,2,2006,TOYOTA,SNA, 
20142009PD-14-22168,1,2004,SUZUKI,CYL, 
20142009PD-14-38461,1,2014,SUZUKI,UNKNOWN, 
20142009PD-14-38461,2,    ,UNKNOWN,UNKNOWN,Y
20142009PD-14-43429,1,2003,FREIGHTLINER,UNKNOWN, 
20142009PD-14-48368,1,2004,FORD,FOCUS, 
20142009PD-14-48368,2,2000,HONDA,CIVIC, 
20142010I-2014-004800,1,2001,SATURN,L20, 
20142010I-2014-004800,2,2011,BMW,535, 
2014201114-2443,1,2007,TOYOTA,SEQ, 
2014201114-2443,2,2012,HONDA,CIV, 
2014201214009400,1,2003,NISSAN,ALTIMA, 
2014201214009400,2,2000,CADILLAC,DEVILLE, 
2014201214015783,1,2008,HONDA,PILOT, 
2014201214015783,2,1996,HONDA,CIVIC, 
2014201214019496,1,2004,MERCURY,MOU, 
2014201214019496,2,2001,MERCURY,MAR, 
2014201314-26392,1,2009,MACK,NO, 
2014201314-26392,2,2001,FORD,CRW, 
2014201314-33457,1,2014,VOLVO,VNL, 
2014201314-33457,2,2010,FORD,VAN, 
2014201414-19461,1,2010,MERCEDES BENZ,E63, 
2014201414-19461,2,2009,SUZUKI,VL8, 
2014201414-7289,1,1988,CHEVROLET,CAP, 
2014201514-21469,1,2011,NISSAN,VER, 
20142016I-2014-06314,1,2006,TOYOTA,4 DR, 
20142016I-2014-06314,2,2006,ACURA,MDX, 
20142016I-2014-06950,1,2003,GMC,ENVOY, 
20142016I-2014-06950,2,2012,FREIGHTLINER,CASCADIA, 
20142016I-2014-09779,1,2011,GMC,4DR, 
20142016I-2014-09779,2,2012,FORD,TRK, 
20142017B130-2014-00918A,1,1985,HARLEY DAVIDSON,FLT, 
20142017B130-2014-02334A,1,2007,SUZUKI,GSX, 
20142017B130-2014-02334A,2,2004,FREIGHTLINER,FL8, 
20142017B130-2014-02428A,1,2007,HARLEY DAVIDSON,MC, 
20142017B130-2014-03067A,1,1998,GMC,SIERRA, 
20142017I-2014-009885,1,2011,CHEVROLET,4DR, 
20142017I-2014-010195,1,2003,NISSAN,ALT, 
20142017I-2014-010195,2,2007,TOYOTA,YAR, 
2014201814-013472,1,2006,INFINITI,, 
2014201814-013472,2,1998,FORD,F150, 
20142019UP-00356-14UP-0055?,1,    ,,,Y
20142019UP-05836-14UP-0916?,1,2012,HONDA,CIVIC,..., 
20142019UP-075431-14,1,1986,KAWASAKI,MOTORCYCLE, 
20142019UP-075431-14,2,2002,HYUNDAI,SANTA FE, 
2014202014-16258,1,2006,BUICK,LUC, 
20142101B020-2014-00592A,1,2014,FORD,F350, 
20142101B020-2014-00592A,2,    ,VOLKSWAGEN,JETTA, 
20142101B020-2014-00815A,1,2014,JEEP,G CHEROKEE, 
2014210798-14-00094,1,2001,PONTIAC,AZTEK, 
2014210798-14-00094,2,2001,KIA,RIO, 
2014210814-00150,1,2006,FORD,4 DOOR, 
20142109B020-2014-00703A,1,2004,HONDA,CRF450R, 
201421102014-04088,1,2009,HARLEY DAVIDSON,FXD1, 
201421102014-04088,2,2003,TOYOTA,4RUNNER, 
20142114B150-2014-00338A,1,2004,CHEVROLET,99, 
201421152014-04038,1,2006,VOLVO,VNL, 
201421152014-04038,2,1992,HONDA,ACCORD, 
201421152014-6148,1,2004,KENWORTH,TRK, 
201421152014-6148,2,2012,FORD,TK, 
201421152014-6148,3,2012,HYUNDAI,WAGON, 
2014211614-0252,1,1997,FORD,TAU, 
2014211614-0252,2,2000,DODG,DUR, 
2014211614-1160,1,1992,HARLEY DAVIDSON,FXR, 
2014211614-1160,2,2010,CHRYSLER,SEB, 
2014211614-1541,1,2000,BUICK,CENTURY, 
20142119PD-14-003992,1,2013,BUICK,VER, 
20142119PD-14-003992,2,2006,WESL,490, 
20142119PD-14-003992,3,2006,FORD,CVC, 
20142119PD-14-005221,1,2001,HYUNDAI,ELANTRA, 
20142119PD-14-005221,2,2011,GMC,TERRAIN, 
2014212114-436,1,2002,JEEP,4DR, 
2014212114-436,2,2014,FORD,4DR, 
2014212214-061,1,1992,PETERBILT,TRT, 
2014212214-061,2,2002,JEEP,LIB, 
2014212214-128,1,2003,FORD,EXPLORER, 
2014212214-128,2,2006,SUZUKI,MC, 
2014212214-163,1,2012,JEEP,COM, 
2014212214-163,2,2011,HONDA,WAGON, 
2014212214-274,1,    ,KAWASAKI,BAYOU, 
