id,vehicle_number,position,occupant_number,age,sex,condition
20150101I-2015-032852,1,01,1,24,M,02
2015010215-029866,1,01,1,, ,  
2015010215-031224,1,01,1,70,M,  
2015010215-031224,2,01,2,40,M,02
2015010215-034408,1,01,1,18,M,  
2015010215-034408,1,03,2,19,M,  
2015010215-034408,1,04,3,15,F,02
2015010215-034408,1,05,4,19,F,03
2015010215-034408,1,05,5,19,M,03
2015010215-034408,1,06,6,18,F,03
2015010215-040955,1,01,1,26,F,02
2015010215-040955,2,01,2,22,F,03
2015010215-047766,1,01,1,39,M,02
2015010215-047766,2,01,2,22,F,04
2015010215-047766,2,03,3,32,M,04
2015010215-080573,1,01,1,26,F,  
20150102A160-2015-00301A,1,01,1,25,M,02
20150102A160-2015-00301A,2,01,2,25,M,  
20150102A160-2015-00301A,2,03,3,26,M,  
20150103I-2015-03183,1,01,1,53,M,02
201501042015005254,1,01,1,30,F,03
201501042015005254,1,03,2,34,M,  
201501042015005254,1,04,3,1,M,02
201501042015005254,1,06,4,3,M,04
201501042015005254,2,01,5,54,F,03
201501042015005254,2,03,6,55,M,03
201501042015010481,1,01,1,14,F,02
201501042015010481,1,05,2,13,M,04
20150105A090-2015-00119A,1,01,1,25,M,02
2015010715-09998,1,01,1,67,M,  
2015010715-09998,2,01,2,32,M,02
201501072015010193,1,01,1,52,M,03
201501072015010193,2,01,2,18,F,03
201501072015010193,2,03,3,18,F,04
201501072015010193,2,06,4,19,M,02
2015010815-11191,1,01,1,48,M,02
201501082015-00012864,1,01,1,50,M,02
201501082015-00045679,1,01,1,70,M,02
201501082015-00045679,2,01,2,48,M,03
201501082015-00080347,1,01,1,21,M,  
201501082015-00080524,1,01,1,47,M,02
201501082015-00080524,2,01,2,56,F,03
201501082015-00080524,2,03,3,59,F,03
201501082015-00081011,1,01,1,53,M,04
201501082015-00081011,2,01,2,56,M,02
201501082015-00081011,2,03,3,24,F,04
201501082015-00081795,1,01,1,92,M,02
201501082015-00081795,2,01,2,22,F,04
201501082015-35551,1,01,1,53,M,02
20150110A090-2015-00166A,1,01,1,79,F,03
20150110A090-2015-00166A,2,01,2,25,M,02
201501112015-00014734,1,01,1,31,M,02
201501112015-00018611,1,01,1,24,M,  
201501112015-00030667,1,01,1,76,F,02
201501112015-00030667,1,03,2,33,M,02
201501112015-00030667,2,01,3,47,M,04
201501112015-00030667,2,03,4,16,M,04
201501112015-00030667,2,04,5,50,F,04
201501112015-00030667,2,06,6,14,F,04
201501112015-00035223,1,01,1,62,F,02
201501112015-00035223,1,03,2,64,M,02
201501112015-00035223,2,01,3,38,F,04
201501112015-00035223,2,03,4,10,F,04
201501112015-00035223,2,04,5,5,M,04
201501112015-00035223,3,01,6,21,M,04
201501112015-00039157,1,01,1,54,M,02
201501112015-00039157,2,01,2,64,M,02
201501112015-00039157,2,03,3,44,M,04
201501122015014347,1,01,1,17,M,02
201501122015016226,1,01,1,62,F,04
201501122015016226,2,01,2,20,F,02
201501122015020681,1,01,1,53,F,04
201501122015020681,2,01,2,41,M,02
201501122015022492,1,01,1,, ,  
201501122015022492,1,04,2,30,M,  
201501122015022492,1,06,3,24,M,  
201501122015022492,1,07,4,17,M,  
201501122015022492,1,08,5,17,M,  
201501122015022492,1,10,6,31,M,  
201501122015022492,2,01,7,24,M,03
201501122015022492,2,03,8,25,M,02
201501122015022492,2,06,9,24,F,03
201501122015025188,1,01,1,20,M,02
201501122015028003,1,01,1,42,M,02
201501122015037780,1,01,1,50,M,  
201501122015037780,2,01,2,37,M,02
201501122015041112,1,01,1,37,M,02
201501122015041112,2,01,2,62,M,  
20150112A160-2015-00289A,1,01,1,67,M,02
20150112A160-2015-00304A,1,01,1,19,M,  
20150112A160-2015-00304A,1,03,2,18,F,  
20150112A160-2015-00304A,1,04,3,19,F,02
20150112A160-2015-00304A,1,06,4,20,F,04
20150112A160-2015-00304A,2,01,5,36,M,  
20150113I-2015-07805,1,01,1,76,M,  
20150113I-2015-07805,1,03,2,75,F,02
20150113I-2015-07805,2,01,3,43,M,  
20150113I-2015-18388,1,01,1,71,F,02
20150113I-2015-18388,2,01,2,70,M,04
20150117I-2015-001864,1,01,1,19,M,  
20150117I-2015-001864,1,03,2,18,F,  
20150117I-2015-001864,1,11,3,19,M,02
20150119I-2015-035806,1,01,1,58,F,  
20150120E030-2015-00010A,1,01,1,59,F,02
20150120E030-2015-01433A,1,01,1,31,F,02
20150122I-2015-08114,1,01,1,67,M,03
20150122I-2015-08114,1,03,2,63,F,02
20150122I-2015-08114,2,01,3,24,M,  
20150122I-2015-11394,1,01,1,82,M,02
2015020315-01745,1,01,1,63,M,  
2015020315-29337,1,01,1,63,M,  
2015020315-40538,1,01,1,44,F,  
2015020315-40538,1,03,2,16,F,  
2015020315-40538,1,04,3,9,F,  
2015020315-40538,1,06,4,14,M,  
2015020515-00414,1,01,1,62,M,02
2015020515-08867,1,01,1,30,M,02
2015020515-08867,2,01,2,67,M,  
20150206I-2015-000220,1,01,1,31,F,02
20150206I-2015-005305,2,01,1,54,F,02
20150206I-2015-012239,1,01,1,53,F,02
201502072015-008888,1,01,1,39,M,02
201502072015-009844,1,01,1,85,M,  
20150211B060-2015-00835A,1,01,1,61,M,02
20150211B060-2015-02238A,1,01,1,27,M,04
20150211B060-2015-02238A,2,01,2,33,M,  
20150211B060-2015-02238A,3,01,3,31,M,  
20150211B060-2015-02238A,3,03,4,34,M,  
20150211I-2015-039763,1,01,1,85,F,02
201502132015-002289,1,01,1,61,M,02
201502132015-003844,1,01,1,24,F,04
201502132015-003844,2,01,2,61,M,02
20150215I-2015-036263,1,01,1,40,M,  
20150216I-2015-020172,1,01,1,71,F,02
20150216I-2015-020172,2,01,2,57,M,02
2015021715-10356,1,01,1,47,M,04
2015021715-10356,2,01,2,22,M,02
2015021715-18583,1,01,1,32,M,02
2015021815-14706-AC,1,01,1,40,M,02
2015021815-4190-AC,1,01,1,42,F,  
2015021815-4190-AC,1,03,2,17,F,  
2015021815-4190-AC,1,06,3,17,F,  
20150219I-2015-030307,1,01,1,67,F,  
20150219I-2015-037873,1,01,1,45,F,00
20150219I-2015-037873,2,01,2,42,F,02
20150219I-2015-037873,2,03,3,48,M,00
2015022015-16065,1,01,1,36,F,02
2015022015-16065,1,06,2,1,F,03
2015022015-1834,1,01,1,27,M,02
2015022015-8635,1,01,1,67,F,02
2015022015-8635,2,01,2,68,M,03
20150221I-2015-027121,1,01,1,51,M,  
20150221I-2015-027121,2,01,2,33,M,02
20150221I-2015-029821,1,01,1,58,M,  
20150221I-2015-029821,2,01,2,44,M,02
20150221I-2015-032607,1,01,1,25,M,02
20150221I-2015-032607,2,01,2,50,F,  
20150221I-2015-032607,2,03,3,55,F,  
20150221I-2015-032607,2,04,4,14,F,  
20150221I-2015-032804,1,01,1,34,M,  
20150222I-2015-014639,1,01,1,28,M,02
2015022315-041402,1,01,1,39,F,04
2015022315-041402,1,03,2,12,F,04
2015022315-041402,2,01,3,47,M,02
2015022315-041402,3,01,4,37,M,  
2015022315-072937,1,01,1,54,M,  
2015022315-072937,1,04,2,30,F,  
2015022315-072937,1,05,3,3,F,  
2015022315-072937,2,01,4,60,M,02
2015022315-077179,1,01,1,78,F,02
20150223B060-2015-00797A,1,01,1,28,M,02
20150223B060-2015-00797A,2,10,2,47,M,  
2015022424-15-01389,1,01,1,58,M,02
2015022424-15-01389,2,01,2,52,F,02
2015022424-15-01389,2,03,3,20,F,04
2015022424-15-01389,2,06,4,12,F,02
2015022424-15-02296,1,01,1,38,M,04
2015022424-15-02296,2,01,2,73,F,02
20150225I-2015-14666,1,01,1,60,M,02
201502272015-001225,1,01,1,53,M,02
201502272015-001225,2,01,2,59,M,  
201502272015-005064,1,01,1,18,F,  
201502272015-005064,2,01,2,23,M,  
201502272015-005064,2,03,3,23,M,02
201502272015-008407,1,01,1,62,M,02
201502272015-008407,2,01,2,27,M,  
201502272015-010779,1,01,1,76,M,  
201502312015-022051,2,01,1,41,M,02
201502312015-022051,2,03,2,13,M,  
2015023315-00675,1,01,1,42,M,02
2015023315-06529,1,01,1,69,M,  
2015023315-11692,1,01,1,28,M,02
2015023315-11692,2,01,2,32,M,  
2015023315-11692,2,03,3,34,F,  
2015023315-11692,2,06,4,,F,  
2015023315-16370,1,01,1,43,M,  
2015023315-16370,1,03,2,14,M,  
2015023315-16370,1,06,3,11,F,  
2015023315-17681,1,01,1,50,M,02
2015023315-18324,1,01,1,52,M,04
2015023315-18324,1,03,2,23,M,02
2015023315-19349,1,01,1,21,M,02
2015023315-19349,1,03,2,30,M,04
201502342015-004973,1,  ,1,58,F,02
201502342015-004973,1,  ,2,28,F,  
201502342015-004973,1,01,3,36,M,  
201502342015-008672,1,01,1,72,F,  
20150234I-2015-010387,1,01,1,85,M,02
20150237M-15-83,1,01,1,20,M,04
20150237M-15-83,1,04,2,19,F,02
201502382015-007133,1,01,1,58,M,02
201502382015-007133,1,02,2,59,M,02
201502382015-007133,2,01,3,60,M,  
201502382015-007133,2,03,4,26,M,04
201502382015-007133,3,01,5,26,M,  
2015023915-1689,1,01,1,92,M,02
2015023915-6410,1,01,1,32,M,  
2015023915-6410,2,01,2,71,F,02
2015023915-7107,1,01,1,75,M,02
2015023915-7107,2,01,2,49,M,  
2015024141-15-007888,1,01,1,23,F,02
2015024215-04494,1,01,1,24,M,02
20150242B060-2015-00168A,1,01,1,53,M,02
20150242B060-2015-00168A,1,03,2,19,F,  
2015024315-MV-39,1,01,1,45,M,02
2015024444-15-02105,1,01,1,17,M,  
2015024444-15-02105,1,02,2,44,M,  
2015024444-15-02105,2,11,3,54,M,02
2015024444-15-07388,1,01,1,47,F,04
2015024444-15-07388,1,05,2,8,F,  
2015024444-15-07388,2,01,3,19,F,02
20150245I-2015-004503,1,01,1,44,F,03
20150245I-2015-004503,2,01,2,59,F,02
20150245I-2015-004503,3,01,3,26,M,  
20150245I-2015-004503,4,01,4,36,M,04
20150245I-2015-014460,1,01,1,43,M,02
20150245I-2015-014460,2,01,2,55,M,04
20150245I-2015-015331,1,01,1,67,F,04
20150245I-2015-015331,2,01,2,22,F,02
20150245I-2015-015331,3,01,3,28,M,04
20150246I-2015-000540,1,01,1,68,M,04
20150246I-2015-000540,1,03,2,57,F,02
20150246I-2015-000540,2,01,3,33,F,  
20150246I-2015-023691,1,01,1,46,M,  
20150246I-2015-023691,1,02,2,21,M,  
20150246I-2015-023691,1,03,3,22,M,  
20150246I-2015-023691,2,01,4,72,M,03
20150246I-2015-023691,2,04,5,10,M,02
20150246I-2015-040855,1,01,1,25,M,  
20150246I-2015-040855,2,01,2,27,F,04
20150246I-2015-040855,2,06,3,3,F,02
20150246I-2015-040855,3,01,4,23,M,  
20150246I-2015-040855,3,03,5,25,M,  
20150246I-2015-043270,1,01,1,43,M,02
20150246I-2015-046419,1,01,1,63,M,02
20150246I-2015-046419,2,01,2,18,F,02
20150246I-2015-055349,1,01,1,36,M,  
20150246I-2015-055349,2,01,2,35,F,02
20150246I-2015-055349,2,03,3,23,F,02
20150246I-2015-055349,3,01,4,33,M,  
20150246I-2015-055349,3,03,5,35,F,  
2015024815-09874,1,01,1,52,M,02
20150250D030-2015-03580A,1,01,1,17,F,04
20150250D030-2015-03580A,1,03,2,55,M,02
20150250D030-2015-03580A,2,01,3,32,M,  
2015025215-3632,1,01,1,18,F,  
2015025215-3632,1,03,2,11,M,  
2015025215-3632,2,01,3,46,M,02
20150252BC-15-033116,1,01,1,37,M,  
2015025615-07861,1,01,1,65,M,  
2015025615-11145,1,01,1,60,M,02
2015025715-02801,1,01,1,57,M,02
2015025715-03111,1,01,1,30,F,  
2015025715-03111,1,04,2,3,M,  
2015025715-03111,2,01,3,25,M,02
2015025715-07022,1,01,1,56,F,02
2015025715-08234,1,01,1,25,M,02
2015025715-08234,1,03,2,22,M,  
2015025715-08234,2,01,3,72,M,  
201502592015-002661,1,01,1,34,F,  
201502592015-002661,2,01,2,83,M,02
20150260PD-15-047717,1,01,1,50,M,  
20150260PD-15-047717,2,01,2,47,M,02
20150260PD-15-048397,1,01,1,65,F,  
20150261A2015-395,1,01,1,58,M,  
20150261A2015-438,1,01,1,62,F,  
20150265WG-15-03391,1,01,1,34,M,02
20150268E040-2015-01108A,1,01,1,60,M,  
20150268E040-2015-01108A,2,01,2,53,M,  
20150268E040-2015-01108A,3,01,3,68,M,03
20150268E040-2015-01108A,3,03,4,66,F,02
20150268E040-2015-01108A,4,01,5,71,M,04
2015027015-7611,1,01,1,29,M,04
2015027015-7611,2,01,2,38,M,02
20150301C120-2015-00058A,1,01,1,25,M,02
20150301C120-2015-00067A,1,01,1,61,M,02
20150301C120-2015-00067A,1,03,2,49,F,04
20150301C120-2015-00083A,1,01,1,34,M,02
2015030415-4134,1,01,1,72,F,04
2015030415-4134,2,01,2,67,M,02
201503042015-5002,1,01,1,68,F,02
201503042015-5002,1,10,2,17,F,04
201503042015-5002,2,01,3,42,M,  
201503042015-7629,1,01,1,25,F,  
201503062015-003321,1,01,1,31,F,  
201503062015-003321,2,01,2,36,F,04
201503062015-003321,2,03,3,34,M,  
201503062015-003321,2,03,4,29,F,02
201503062015-003321,3,01,5,27,M,  
201503062015-003321,3,03,6,29,F,  
20150306C020-2015-00903A,1,01,1,51,M,04
20150306C020-2015-00903A,2,01,2,28,F,02
201503082015-14849,1,01,1,31,F,02
201503082015-14849,1,03,2,32,F,02
201503082015-14849,2,01,3,47,M,  
20150310201505114,1,01,1,78,M,02
20150312201500075,1,01,1,22,F,02
201503152015-9039,1,01,1,24,M,  
201503152015-9039,2,01,2,40,F,04
201503152015-9039,3,01,3,45,M,03
201503152015-9039,4,01,4,32,M,02
20150316C020201500861A,1,01,1,26,M,02
20150316C020201500861A,2,01,2,18,M,  
201503172015-0979,1,01,1,31,M,02
201503172015-3890,1,01,1,58,M,02
201503172015-3890,1,11,2,5,F,  
201503172015-5609,1,01,1,71,M,  
201503172015-5609,2,01,2,24,M,02
201503182015-0669,1,  ,1,, ,  
201503182015-0670,1,01,1,32,M,02
201503182015-10454,1,01,1,22,F,  
201503182015-10454,2,01,2,31,M,02
201503182015-8957,1,05,1,51,M,02
2015031915-9108,1,01,1,35,M,02
2015031915-9108,2,01,2,48,F,03
201503202015-4856,1,01,1,52,M,02
201503202015-4856,2,01,2,54,M,04
201503222015-064,1,01,1,58,M,04
201503222015-064,1,03,2,24,M,  
201503222015-064,2,01,3,71,F,02
201503222015-064,3,01,4,30,F,04
201503222015-064,3,03,5,12,F,04
201503222015-064,3,04,6,8,M,04
201503222015-064,3,06,7,6,M,04
201503222015-10308,1,01,1,50,F,02
201503222015-10558,1,01,1,27,M,02
201503222015-10558,1,03,2,35,F,02
201503222015-11861,3,01,1,66,M,02
201503242015-08879,1,01,1,59,M,02
201503242015-08879,1,10,2,7,F,  
201503242015-08879,1,10,3,6,F,  
201503242015-08879,1,10,4,8,F,  
201503242015-08879,1,10,5,6,F,  
201503242015-12637,1,01,1,37,M,02
201503242015-12637,2,01,2,81,M,02
201503242015-13330,1,01,1,, ,  
201503242015-13330,2,01,2,58,M,02
201503242015-24559,1,01,1,32,M,02
201503242015-24559,2,01,2,45,F,04
201503242015-25779,1,01,1,53,M,02
201503242015-27831,1,01,1,59,F,02
20150324C020-2015-00568A,1,01,1,56,M,  
20150324C020-2015-00568A,2,01,2,41,F,02
20150324D020-2015-00705A,1,01,1,48,M,02
2015032615-4429,1,01,1,78,M,  
201503262015-4608,1,01,1,48,M,02
201503262015-4608,2,01,2,43,M,  
2015032715-0327,1,01,1,63,F,  
2015032715-0327,2,01,2,48,M,  
2015032715-0327,2,03,3,49,F,  
2015032715-0327,2,04,4,6,F,02
2015032715-0375,1,01,1,72,M,02
201503282015-1039,1,01,1,25,F,04
201503282015-1039,2,01,2,58,M,02
201503282015-3461,1,01,1,27,F,  
201503282015-3461,2,01,2,19,M,02
201503282015-3461,2,03,3,18,M,  
201503282015-3461,3,01,4,20,M,  
2015032915-6790,1,01,1,53,M,02
201503292015-13531,1,01,1,56,M,04
201503292015-13531,2,01,2,54,F,02
201503292015-17643,1,01,1,59,M,02
20150332C080-2015-00047A,1,01,1,52,M,03
20150332C080-2015-00047A,2,01,2,18,F,03
20150332C080-2015-00047A,2,03,3,18,M,02
20150332C080-2015-00757A,1,01,1,24,M,02
20150333C080-2015-00567A,1,01,1,66,M,  
20150334C020-2015-00965A,1,01,1,30,F,02
20150334C020-2015-00965A,2,01,2,73,F,03
20150334C020-2015-00965A,2,03,3,54,F,03
20150334M15-122,1,01,1,21,F,04
20150334M15-122,2,01,2,36,M,02
20150334M15-122,2,03,3,28,F,04
20150336C120-2015-00150A,1,01,1,40,M,02
201503372015-07719,1,01,1,53,F,02
201503372015-08735,1,01,1,75,M,02
201503372015-08735,1,03,2,72,F,02
201503372015-09798,1,01,1,54,M,02
201503372015-09815,1,01,1,17,F,04
201503372015-09815,1,03,2,17,F,02
201503372015-09815,2,01,3,36,F,04
201503372015-13591,1,01,1,85,F,02
20150337C020-2015-00710A,1,01,1,33,M,02
20150337C020-2015-00710A,1,03,2,25,M,02
201503382015-00017161,1,01,1,22,M,04
201503382015-00017161,1,03,2,23,M,02
201503382015-00021299,1,01,1,36,F,  
201503382015-00021299,2,01,2,23,M,02
20150339C080201500815A,1,01,1,28,M,03
20150339C080201500815A,2,01,2,50,M,02
20150403A310-2015-00852A,1,01,1,33,M,02
20150403A310-2015-00852A,2,01,2,55,M,  
20150404A310201502359A,1,01,1,25,M,02
20150404A310201502568A,1,01,1,29,F,02
20150404A310201502568A,2,01,2,30,F,  
201504052015014858,1,01,1,64,M,02
201504052015014858,2,01,2,69,M,04
201504062015000362,1,01,1,35,F,  
201504062015000362,1,04,2,9,F,  
2015040815-12-12-1438,1,01,1,74,F,  
2015040815-12-12-1438,1,03,2,17,M,  
2015040815-12-12-1438,1,04,3,17,M,  
2015040815-15848,1,01,1,31,F,02
2015040815-15848,2,  ,2,31,M,  
2015040815-15848,2,01,3,54,M,  
2015040815-38664,1,01,1,65,M,02
2015040815-38664,2,01,2,56,F,04
2015040815-38664,2,03,3,,F,04
2015040815-38664,3,01,4,28,F,04
2015040815-38664,3,03,5,32,M,04
2015040815-68241,1,01,1,35,M,02
201504081502045612,1,01,1,25,F,  
20150408150221-2698,1,01,1,38,M,  
20150408150221-2698,1,03,2,40,M,  
20150408150221-2698,2,01,3,30,M,02
201504081505125208,1,01,1,38,M,02
20150408150610-4218,1,01,1,38,F,04
20150408150610-4218,2,01,2,35,M,02
201504081508273926,1,01,1,59,M,04
201504081508273926,2,01,2,55,F,02
201504081508273926,2,03,3,57,M,  
201504081510083987,1,01,1,56,M,  
201504081510083987,1,03,2,41,F,  
201504081510083987,1,04,3,,F,  
201504081510083987,1,06,4,42,F,  
20150408151227-1066,1,01,1,51,M,02
20150408A310-2015-00873A,1,01,1,58,M,02
20150408A310-2015-00873A,1,03,2,57,M,  
2015040915-009175,1,01,1,57,M,  
2015040915-009175,1,02,2,52,M,  
2015040915-010803,1,01,1,30,F,02
2015040915-043015,1,01,1,26,M,02
2015040915-043015,2,01,2,23,F,04
2015040915-043015,3,01,3,42,F,04
2015040915-056967,1,01,1,67,M,  
2015040915-078119,1,01,1,45,M,02
2015040915-078119,1,03,2,50,F,03
2015040915-080855,1,01,1,74,F,  
2015040915-080855,1,03,2,83,F,  
2015040915-092450,1,01,1,37,M,02
2015040915-092450,2,01,2,18,M,03
2015040915-092888,1,01,1,44,M,02
20150409A310-2015-01008A,1,01,1,26,M,02
201504122015-003396,1,01,1,38,M,02
201504142015-06755,1,01,1,34,F,02
201504142015-08463,1,01,1,62,M,04
201504142015-08463,2,01,2,32,F,02
20150414A310-2015-01719A,1,01,1,39,M,02
20150414A310-2015-01738A,1,01,1,33,M,  
20150414A310-2015-01738A,1,03,2,25,F,  
20150414A310-2015-01738A,1,04,3,5,M,04
20150414A310-2015-01738A,1,06,4,2,M,04
20150414A310-2015-01738A,2,01,5,49,F,02
20150414A310-2015-01738A,2,03,6,31,F,  
20150414A310-2015-01738A,2,06,7,3,F,  
20150414A310-2015-01959A,1,01,1,38,M,02
20150415A310201502276A,1,01,1,24,M,03
20150415A310201502276A,1,03,2,27,F,02
20150415A310201502276A,2,01,3,27,M,04
20150415A310201502276A,2,03,4,31,M,04
20150415A310201502276A,2,04,5,39,F,04
20150415A310201502276A,2,06,6,13M,F,04
20150415A310201502353A,1,01,1,32,M,02
20150415A310201502353A,2,01,2,20,M,  
201504222015-003123,1,01,1,24,M,02
201504222015-003123,2,01,2,39,M,04
201504222015-003123,3,01,3,30,M,04
201504222015-004701,1,01,1,58, ,02
201504222015-004701,2,01,2,65,M,  
201504232015-00612,1,01,1,49,F,02
201504232015-00612,2,01,2,39,M,04
201504232015-00612,2,03,3,35,M,04
201504232015-006612,1,01,1,49,F,02
201504232015-006612,2,01,2,39,M,04
201504232015-006612,2,03,3,35,M,04
201504232015-008325,1,01,1,51,F,  
201504252015000763,1,01,1,41,M,  
20150427#15-4681,1,01,1,28,M,02
20150427#15-4681,1,03,2,29,F,  
20150427#15-4681,2,01,3,63,M,  
2015042715-2963129361,1,01,1,39,M,02
20150427150023227,1,01,1,47,M,02
20150427150023227,2,01,2,47,M,04
20150427150023227,2,03,3,37,M,04
20150427150023227,3,01,4,49,F,04
20150427150023227,4,01,5,27,F,04
20150427150023227,5,01,6,39,F,04
20150427150023227,6,01,7,55,M,04
20150427150023227,7,01,8,55,M,04
20150427150025452,1,01,1,66,M,02
20150427150025620,1,01,1,31,M,02
20150427150025620,2,01,2,48,M,  
20150427150025620,2,03,3,56,M,  
20150427150025620,2,04,4,18,F,  
20150427150025620,2,05,5,21,F,  
201504272015-41765,1,01,1,57,M,02
201504272015-41765,2,01,2,50,M,  
201504272015-41765,3,01,3,41,F,04
201504282015000829,1,01,1,26,F,02
20150430A310-2015-01990A,1,01,1,64,M,02
20150430A310-2015-01990A,2,01,2,35,F,04
20150430A310-2015-01990A,3,01,3,26,M,  
201504322015-00971,1,01,1,43,F,03
201504322015-00971,2,01,2,67,M,  
201504322015-00971,3,11,3,31,M,02
2015043415-1001-AC,1,01,1,79,F,04
2015043415-1001-AC,2,01,2,25,M,02
2015043415-1001-AC,2,03,3,23,F,03
2015043415-1001-AC,2,04,4,25,M,03
2015043415-1001-AC,2,06,5,31,F,03
2015043415-123-AC,1,01,1,41,M,02
2015043415-123-AC,1,06,2,7,M,03
2015043415-123-AC,2,01,3,23,M,  
2015043415-133-AC,1,01,1,27,M,02
2015043415-133-AC,2,01,2,61,M,  
2015043415-171-AC,1,01,1,24,F,02
2015043415-749-AC,1,01,1,88,F,02
2015043415-749-AC,2,01,2,63,F,  
2015043415-749-AC,2,04,3,8,F,  
2015043415-749-AC,2,06,4,5,F,  
2015043415-749-AC,3,01,5,68,M,03
20150435150010451,1,01,1,54,M,02
20150435150011153,1,01,1,17,M,02
20150435150011153,1,02,2,17,M,02
20150436150001448,1,01,1,43,F,02
20150436150001448,2,01,2,28,M,  
20150436150003107,1,01,1,21,F,02
20150436150009122,1,  ,1,58,M,  
20150436150013586,1,01,1,41,M,  
20150436150017715,1,01,1,21,M,  
20150436150017715,1,03,2,18,F,02
20150436150017715,2,01,3,33,F,04
20150436150033066,1,01,1,23,F,02
20150436150033066,1,03,2,26,M,02
20150436150033066,2,01,3,52,M,04
20150436150034689,1,01,1,20,M,02
20150436150034689,2,01,2,29,F,02
20150436A160-2015-00056A,1,01,1,45,M,02
20150436A160-2015-00056A,2,01,2,41,F,02
20150436A160-2015-00177A,1,01,1,25,M,02
20150436A160-2015-00177A,2,01,2,32,M,04
20150436A160-2015-00232A,1,01,1,35,M,02
20150436A160-2015-00232A,2,01,2,56,F,03
20150436A160-2015-00293A,1,01,1,20,M,02
20150436A160-2015-00293A,1,03,2,23,M,04
20150436A160-2015-00293A,1,06,3,19,F,04
20150436A160-2015-00694A,1,01,1,17,M,02
2015043701251-15,1,  ,1,52,M,02
20150504A050-2015-00207A,1,01,1,43,M,03
20150504A050-2015-00207A,1,11,2,37,F,02
20150504A050-2015-00207A,2,01,3,40,F,  
20150504A050-2015-00207A,2,03,4,40,M,  
20150504A050-2015-00207A,2,06,5,8,M,  
20150504A050-2015-00231A,1,01,1,53,F,  
20150504A050-2015-00231A,1,03,2,60,F,02
20150504A050-2015-00231A,2,01,3,46,F,04
20150504A050-2015-00231A,2,04,4,14,M,  
20150504A050-2015-00231A,2,06,5,9,M,  
20150504A050-2015-00648A,1,01,1,18,F,02
20150505I-2015-012058,1,01,1,27,M,  
20150505I-2015-012446,1,01,1,19,F,  
20150505I-2015-012446,1,03,2,29,M,  
20150505I-2015-032450,1,01,1,57,M,  
20150505I-2015-032450,2,01,2,43,M,02
20150505I-2015-034461,1,01,1,19,M,03
20150505I-2015-034461,1,03,2,19,F,04
20150505I-2015-034461,2,01,3,25,F,02
20150505I-2015-054849,1,01,1,45,M,  
20150505I-2015-054849,1,03,2,23,M,  
20150505I-2015-054849,1,04,3,20,F,  
20150506E030-2015-00336A,1,01,1,27,M,02
20150506E030-2015-00336A,1,03,2,33,M,03
20150506E030-2015-00902A,1,01,1,47,F,02
20150506I-2015-11497,1,01,1,56,F,04
20150506I-2015-11497,2,01,2,51,F,02
20150506I-2015-24004,1,01,1,43,M,02
20150508PD-15-19509,1,01,1,74,F,  
20150508PD-15-33008,1,01,1,89,M,02
20150509I-2015-09797,1,01,1,37,F,02
20150511A050-2015-00389A,1,01,1,65,F,02
201505142015-028079,1,01,1,59,M,  
201505142015-031593,1,01,1,64,F,  
2015060115-32479,1,01,1,28,M,02
2015060115-34590,1,01,1,85,M,  
2015060115-34590,3,01,3,54,M,  
2015060115-40511,1,01,1,89,F,02
20150603A040-2015-00066A,1,01,1,55,M,02
20150603A040-2015-00448A,1,01,1,19,M,02
20150603A040-2015-00448A,1,03,2,18,F,03
20150603A040-2015-00448A,1,04,3,19,F,02
20150603A040-2015-00448A,2,01,4,31,F,  
20150603A040-2015-00587A,1,01,1,35,M,02
20150609A100-2015-00003A,1,01,1,23,M,04
20150609A100-2015-00003A,2,01,2,24,F,02
20150609A100-2015-00268A,1,01,1,25,M,02
20150609A100-2015-00268A,2,01,2,49,F,04
20150609A100-2015-00268A,2,03,3,22,F,04
20150609A100-2015-00268A,2,05,4,20,F,04
2015061015-00315,1,01,1,39,F,  
2015061015-00315,2,01,2,58,F,02
2015061015-05687,1,01,1,31,F,  
2015061015-05687,1,03,2,25,M,  
2015061015-05687,1,06,3,6,F,02
2015061015-05687,1,09,4,13,F,04
2015061015-06069,1,01,1,84,M,02
2015061015-07888,1,01,1,63,M,02
2015061015-07888,2,01,2,52,M,04
20150613A040201500905A,1,01,1,57,M,  
20150613A040201500905A,1,03,2,57,F,02
20150613A040201500905A,2,01,3,62,M,  
201506142015037096,1,01,1,18,M,02
201506142015046031,1,01,1,22,M,02
201507012015-1196,1,01,1,85,F,02
201507012015-1196,2,01,2,28,M,  
201507012015-1196,3,01,3,67,F,  
201507012015-1196,3,03,4,45,F,04
20150701I-2015-019168,1,  ,1,, ,  
20150701I-2015-019168,2,01,2,27,F,02
20150701I-2015-021668,1,01,1,52,F,00
20150701I-2015-021668,1,03,2,55,M,00
20150701I-2015-021668,1,04,3,58,M,  
20150701I-2015-021668,1,06,4,59,F,  
20150701I-2015-030919,1,01,1,28,M,  
2015070215-20926,1,01,1,60,M,  
2015070215-4043,1,01,1,23,M,02
20150703I-2015-000317,3,01,3,41,M,  
20150703I-2015-000317,3,03,4,10,F,  
20150703I-2015-000317,3,06,5,8,F,  
20150703I-2015-009055,1,01,1,63,M,02
20150703I-2015-009055,2,01,2,53,F,  
20150703I-2015-009055,3,01,3,44,M,  
2015070415-14195,1,01,1,68,M,  
2015070515-004879,1,01,1,24,M,04
2015070515-004879,1,03,2,26,M,02
2015070515-004879,2,01,3,29,M,  
2015070515-007004,1,01,1,58,M,02
2015070515-007004,2,01,2,59,F,04
2015070515-007004,2,03,3,88,F,  
2015070515-007004,2,06,4,58,M,  
2015070515-19198,1,01,1,80,M,  
2015070515-19780,1,01,1,76,M,02
201507072015-1123,1,01,1,29,F,02
201507072015-1147,1,01,1,52,M,  
20150707B060-2015-01859A,1,01,1,28,M,  
20150707B060-2015-01859A,1,03,2,28,F,  
20150707B060-2015-01859A,2,01,3,49,M,  
20150707B060-2015-01859A,3,02,4,23,M,02
20150709E040-2015-04658A,1,01,1,22,F,04
20150709E040-2015-04658A,1,03,2,26,F,02
20150709E040-2015-04658A,1,04,3,26,F,03
20150709E040-2015-04658A,1,06,4,25,F,02
20150709I-2015-005338,1,01,1,24,M,  
20150709I-2015-005338,2,01,2,59,F,  
20150709I-2015-005338,3,01,3,37,F,02
20150709I-2015-005338,3,03,4,30,F,  
20150709I-2015-005338,4,01,5,48,M,  
20150709I-2015-065188,1,01,1,43,M,  
20150710I-2015-000161,1,01,1,22,F,02
20150710I-2015-000161,2,01,2,57,F,02
20150710I2015-010940,1,01,1,19,M,02
20150710I2015-025840,2,01,1,83,M,  
2015071115-46757,1,01,1,21,F,  
20150712I-2015-003917,1,01,1,41,M,  
20150712I-2015-009106,1,01,1,24,M,  
20150712I-2015-017518,1,01,1,35,F,  
2015071315RED054,1,01,1,63,F,  
2015071315RED060,1,01,1,59,M,  
2015071315RED060,1,03,2,58,F,  
2015071315RED1359,1,01,1,68,F,02
2015071315RED1359,2,  ,2,, ,  
2015071315RED1359,3,  ,3,, ,  
2015071315RED800,1,01,1,17,M,  
2015071315RED800,1,03,2,17,M,  
2015071315RED800,2,01,3,34,M,02
2015071315RED800,3,01,4,17,M,  
2015071315RED877,1,01,1,41,M,03
2015071315RED877,2,01,2,21,F,  
2015071315RED877,2,02,3,20,F,03
2015071315RED877,2,03,4,19,F,02
20150714014,1,01,1,20,M,03
20150714014,1,03,2,22,M,03
20150714014,2,01,3,37,M,02
2015071410470-15,1,01,1,41,M,  
2015071415-12264,1,01,1,55,M,03
2015071415-12402,1,01,1,29,M,  
2015071415-12402,2,01,2,33,M,  
2015071415-12402,2,06,3,,F,  
2015071415-12402,3,01,4,22,M,  
2015071415-12402,3,03,5,32,F,  
2015071415-21068,1,01,1,25,M,02
2015071415-2889,1,01,1,27, ,  
2015071427197,1,01,1,80,M,  
2015071451331,1,01,1,35,F,04
2015071451331,1,04,2,38,F,04
2015071451331,1,07,3,15,F,04
2015071451331,1,08,4,13,F,04
2015071451331,2,01,5,34,M,02
2015071451331,2,03,6,32,M,02
20150714B130-2015-01707A,1,01,1,27,M,02
20150714B130201503804A,1,01,1,60,M,  
20150714B130201503804A,2,01,2,31,F,03
20150714B130201503804A,2,03,3,39,F,02
20150714C15-001334,1,01,1,33,M,02
20150714D030-2015-00881A,1,01,1,34,M,02
20150714D030-2015-00881A,2,01,2,59,M,  
20150714P15101913/CC#15-?,1,01,1,26,F,  
20150714P15138347,1,01,1,26,M,02
20150714P15138347,1,03,2,23,M,04
20150714P15139012/CC#15-207?,1,01,1,49,F,00
20150714P15142134,1,01,1,25,M,02
20150714P15148122,1,01,1,40,M,02
20150714P15150534,1,01,3,, ,  
20150714P15165384,1,01,1,30,M,02
20150714P15171157,1,01,1,30,F,  
20150714P15192375,1,01,1,28,M,02
20150714P15192375,2,  ,2,, ,  
20150714P15192375,3,  ,3,, ,  
20150714P15209082,1,01,1,22,M,04
20150714P15209082,2,01,2,58,F,02
20150714P15210114,1,01,1,38,M,02
20150714P15243558,1,01,1,67,M,  
20150714P15256873,2,01,1,, ,  
20150714P15256888,1,01,1,,M,02
20150714P15256888,1,03,2,27,F,03
20150714P15273528,1,01,1,22,M,04
20150714P15273528,1,03,2,19,F,02
20150714P15273528,2,01,3,, ,  
20150714P15274893,1,01,1,34,M,00
20150714P15274893,2,01,2,45,M,02
20150714P15274893,3,  ,1,, ,  
20150714P15274893,4,  ,2,, ,  
20150714P15274893,5,  ,1,, ,  
20150714P15274893,6,  ,2,, ,  
20150714P15282290/CC#15-426?,1,  ,1,, ,  
20150714P15282290/CC#15-426?,2,01,2,28,M,02
20150714P15311351,1,01,1,58,M,02
20150714P15318302/15-48485,1,01,1,21,F,  
20150714P15345975,1,01,1,46,M,02
20150714P15345975,2,01,2,66,M,00
20150714P1535288754219,1,01,1,38,M,  
20150714P1535288754219,1,06,2,8,F,  
20150714P1535288754219,2,01,3,32,M,02
20150714P1535288754219,2,11,4,18,F,02
20150714P1535288754219,3,  ,5,, ,  
20150714P1535462154443,1,01,1,30,M,04
20150714P1535462154443,2,06,2,11M,F,02
20150714P15355164,1,01,1,53,M,02
20150714P15360631/CC#15-5?,1,01,1,25,M,02
20150714P15360631/CC#15-5?,1,03,2,26,M,02
20150714P15360631/CC#15-5?,2,  ,3,, ,  
20150714P1536810,2,01,1,, ,  
20150714P15382779,1,01,1,51,M,04
20150714P15382779,1,03,2,44,F,02
20150714P15385649,1,01,1,33,F,03
20150714P15385649,1,03,2,,F,04
20150714P15385649,2,01,3,28,M,02
20150714P15385649,2,03,4,,M,00
20150714P15392727,1,01,1,26,M,00
20150714P15394405,1,  ,1,, ,  
20150714P15394405,2,01,2,27,M,02
20150714P15408527,1,01,1,45,M,02
20150714P15408527,2,01,2,30,M,04
20150714P15408527,3,  ,3,, ,  
20150717B060-2015-01295A,1,01,1,42,M,02
20150717B060-2015-01295A,2,01,2,43,M,  
20150717I-2015-021270,1,01,1,32,M,  
20150718B060-2015-00178A,1,01,1,30,F,02
20150718B060-2015-00178A,2,01,2,29,F,04
20150719I-2015-015053,1,01,1,47,F,  
20150719I-2015-015053,2,01,2,66,F,02
20150722B060-2015-02127A,1,01,1,64,M,02
201508012015-002679,1,01,1,19,F,02
201508012015-002679,1,03,2,19,F,  
201508012015-002679,2,01,3,38,M,04
201508012015-9982,1,01,1,114,M,02
201508012015-9982,2,01,2,35,M,  
201508022015003220,1,01,1,21,F,  
201508022015003220,1,03,2,25,M,  
201508022015003517,1,01,1,60,M,02
201508022015003517,2,01,2,36,F,04
201508022015003671,1,01,1,57,M,02
201508022015003671,2,01,2,61,M,04
201508022015018432,1,01,1,48,F,02
201508022015027311,1,01,1,20,M,04
201508022015027311,2,01,2,26,M,03
201508022015027311,2,03,3,29,F,02
20150802A310-2015-01932A,1,01,1,36,F,02
20150802A310-2015-01932A,2,01,2,57,M,  
20150802A310-2015-01932A,3,01,3,50,M,04
20150804201502234,1,01,1,54,M,02
20150804201502234,2,01,2,24,M,03
20150804201509518,1,01,1,36,M,04
20150804201509518,1,04,2,3,F,  
20150804201509518,1,07,3,6,M,  
20150804201509518,1,09,4,8,F,  
20150804201509518,2,01,5,48,F,02
20150804A310-2015-00277A,1,01,1,25,M,03
20150804A310-2015-00277A,1,03,2,30,M,02
20150804A310-2015-02150A,1,01,1,19,M,02
201508052015-10486,1,01,1,20,F,  
201508052015-13204,1,01,1,34,M,  
201508052015-15441,1,01,1,66,F,04
201508052015-15441,2,01,2,26,M,02
201508052015-17187,1,01,1,24,M,04
201508052015-17187,1,03,2,31,F,02
201508052015-18925,1,01,1,36,F,04
201508052015-18925,1,03,2,9,F,04
201508052015-18925,1,04,3,8,F,  
201508052015-18925,1,06,4,6,M,04
201508052015-18925,2,01,5,37,M,02
201508052015-20217,1,01,1,68,M,02
201508052015-20378,1,01,1,19,M,02
201508052015-20378,2,01,2,46,F,02
201508052015-20378,2,03,3,21,F,04
201508052015-5886,1,01,1,47,M,02
201508052015-6696,1,01,1,68,M,02
201508052015-6696,2,01,2,49,M,  
201508052015-6696,2,03,3,43,M,  
201508052015-7694,1,01,1,22,F,02
201508062015-014965,1,01,1,37,F,  
201508062015-014965,1,03,2,37,F,  
201508082015026182,1,01,1,32,M,  
201508082015026182,1,02,2,24,M,  
201508082015026182,1,03,3,29,M,  
201508082015026182,2,01,4,31,M,02
201508102015001400,1,01,1,41,F,02
201508102015001400,1,03,2,41,M,03
201508102015010749,1,01,1,31,M,  
201508102015010749,1,03,2,29,F,04
201508102015010749,2,01,3,51,M,04
201508102015010749,2,03,4,74,F,  
201508102015010749,3,01,5,58,M,02
20150810A310-2015-01781A,1,01,1,26,M,02
201508112015001725,1,01,1,66,M,  
201508112015003268,1,01,1,33,M,02
201508112015003268,2,01,2,42,M,  
201508112015003268,3,01,3,72,M,04
201508112015008374,1,01,1,54,M,  
201508112015009900,1,01,1,37,M,02
201508112015009900,2,01,2,49,M,  
201508112015016755,1,01,1,38,F,04
201508112015016755,1,03,2,39,F,02
201508112015016755,2,01,3,18,F,04
201508112015017226,1,01,1,39,M,  
201508112015017226,2,01,2,24,M,02
201508112015017363,1,01,1,55,M,  
201508112015017363,1,03,2,51,M,04
201508112015017363,2,01,3,65,M,04
201508112015017363,3,01,4,47,F,02
201508112015017363,3,03,5,70,F,03
201508112015017363,3,06,6,49,F,03
201508112015021009,1,01,1,54,F,02
201508112015021009,2,01,2,20,M,03
201508112015021085,1,01,1,43,M,02
201508112015021085,1,03,2,2,F,02
201508112015021643,1,01,1,20,M,02
201508112015021643,2,01,2,66,F,  
201508112015027034,1,01,1,53,F,  
20150813C-08-15,1,01,1,28,M,02
20150814201501513,1,01,1,67,M,02
201508182015013471,1,01,1,25,F,02
201508182015013471,1,03,2,24,M,02
201508182015025607,1,01,1,59,M,02
20150818201503997,1,01,1,47,M,  
201508182015039997,1,01,1,47,M,  
201508182015059073,1,01,1,19,M,  
201508182015059073,1,03,2,20,M,  
201508182015059073,2,01,3,37,M,02
20150818A310-2015-00135A,1,01,1,24,M,  
20150818A310-2015-00135A,1,03,2,27,M,02
2015081915-022,1,01,1,32,F,02
201508202015007961,1,01,1,43,M,02
201508202015012259,1,01,1,38,M,  
201508202015012259,2,01,2,36,F,02
20150820A310-2015-00403A,1,01,1,58,M,  
20150820A310-2015-01550A,1,01,1,62,F,04
20150820A310-2015-01550A,1,03,2,53,F,03
20150820A310-2015-01550A,1,04,3,30,F,02
20150820A310-2015-01550A,1,06,4,4M,F,02
20150820A310-2015-01550A,1,09,5,29,M,04
20150820A310-2015-01984A,1,01,1,29,M,02
20150820A310-2015-01984A,2,01,2,56,M,  
20150820A310201502495A,1,01,1,26,F,02
20150820A310201502495A,2,01,2,35,M,04
201508222015010044,1,01,1,25,M,02
201508232015003408,1,01,1,60,F,04
201508232015003408,2,01,2,37,M,02
201508242015000814,1,01,1,73,F,  
20150824D020-2015-00674A,1,01,1,46,M,02
20150824D020-2015-00674A,2,01,2,45,M,  
20150824D020-2015-00674A,2,03,3,42,M,  
2015090115-65625,1,01,1,41,M,  
2015090115-65625,1,03,2,42,M,  
2015090115-65625,2,01,3,25,M,02
201509012015-26938,1,01,1,34,M,  
201509012015-26938,1,03,2,25,M,  
201509012015-43201,1,01,1,25,M,02
201509012015-43201,1,03,2,26,M,02
201509012015-44036,1,01,1,46,M,04
201509012015-44036,2,01,2,38,M,02
201509012015-57403,1,01,1,36,F,  
201509012015-57403,1,03,2,23,F,  
201509012015-57403,1,09,3,3,M,  
201509012015-75370,1,01,1,, ,00
20150901D030-2015-01069A,1,01,1,30,M,02
2015090415-011823,1,01,1,51,M,  
20150906016779-15,1,01,1,26,M,02
2015090615-013913,1,01,1,20,M,  
2015090615-021589,1,01,1,21,M,02
2015090615-021589,2,01,2,44,F,  
2015090615-031361,1,01,1,, ,  
2015090615-1539,1,01,1,50,M,  
2015090615-1539,2,01,2,23,M,02
2015090615-16098,2,01,1,, ,  
2015090615-21688,1,01,1,33, ,02
2015090615-21688,2,01,2,, ,  
2015090615-26219,1,01,1,26,M,02
2015090615-3876,1,01,1,55,M,  
2015090615571-15,1,01,1,54,M,  
2015090615571-15,2,01,2,24,M,02
2015090616000-15,1,01,1,29,M,02
2015090616000-15,1,04,2,22,F,02
2015090616000-15,2,01,3,31,F,  
2015090625435-15,1,01,1,35,F,  
2015090628119-15,1,01,1,26,F,02
2015090628119-15,2,01,2,31,M,04
2015090629572-15,1,01,1,58,F,  
2015090629572-15,1,03,2,52,F,  
2015090629572-15,1,04,3,28,F,  
2015090629572-15,1,06,4,31,F,  
20150906D030-2015-01488A,1,01,1,47,M,02
20150906D030-2015-01488A,1,06,2,36,M,04
20150906SO-15-029442,1,01,1,19, ,  
2015090715006269,1,01,1,26,M,  
2015090715006269,2,01,2,67,F,02
2015090715012215,1,01,1,49,F,02
2015090715012239,1,01,1,79,M,02
2015090715013207,1,01,1,36,M,02
2015090715013207,2,01,2,45,M,00
2015090715013207,3,01,3,34,M,00
2015090715024154,1,01,1,23,F,04
2015090715024154,1,03,2,22,F,02
2015090715024154,2,  ,3,,M,04
2015090715024154,2,  ,4,,F,04
2015090715024154,2,  ,5,,F,04
2015090715024154,2,  ,6,,M,04
2015090715024154,2,  ,7,,M,04
2015090715024154,2,  ,8,,F,04
2015090715024154,2,  ,9,,F,04
2015090715024154,2,  ,10,,M,04
2015090715024154,2,  ,11,,F,04
2015090715024154,2,  ,12,,F,04
2015090715024154,2,  ,13,,M,04
2015090715024154,2,01,14,33,M,04
2015090815067137,1,01,1,29,M,  
2015090815067137,1,04,2,22,M,02
2015090815067137,1,05,3,25,M,  
2015090815067137,1,06,4,22,M,  
2015090815085155,1,01,1,27,F,02
20150908SO-15-009420,1,01,1,59,M,  
20150908SO-15-027446,1,01,1,61,M,  
2015090915-003280,1,01,1,57,M,  
2015090915-015461,1,01,1,24,M,  
2015090915-015461,2,01,2,49,M,02
2015091015139801,1,01,1,24,M,  
20150910SO-15-022696,1,01,1,40,F,  
20150912I-2015-000096,1,01,1,20,F,  
20150912I-2015-000096,2,01,2,40,M,02
20151001C040-2015-00133A,1,01,1,49,M,  
20151001C040-2015-00133A,2,01,2,19,M,02
20151002B110201500999A,1,01,1,58,M,02
201510062015008661,1,01,1,42,M,02
201510062015008661,2,01,2,51,M,  
201510062015014672,1,01,1,72,M,  
201510062015023754,1,01,1,78,F,02
201510062015023754,1,03,2,82,F,04
20151008C040201500293A,1,01,1,69,M,02
20151008C040201500293A,1,03,2,67,F,  
20151009103015,1,01,1,42,M,  
20151018B110-2015-00340A,1,01,1,85,M,02
20151018B110-2015-00340A,2,01,2,63,M,  
20151019062-15,1,01,1,62,M,02
20151019062-15,1,03,2,58,F,02
20151019062-15,2,01,3,30,F,03
20151019062-15,2,06,4,3,F,03
20151019112-15,1,01,1,34,M,02
2015102115028457,1,01,1,62,M,02
2015102115069465,1,01,1,24,M,  
2015102115069465,2,01,2,46,M,02
2015102115112331,1,01,1,60,M,02
2015102115112331,2,01,2,33,M,  
2015102115114070,1,01,1,20,M,03
2015102115114070,1,03,2,21,M,02
2015102115114070,1,06,3,17,M,02
20151021C040-2015-00197A,1,02,1,28,M,02
20151021C040-2015-00197A,1,05,2,19,F,02
2015102415051850,1,01,1,52,M,02
20151025B110-2015-00294A,1,01,1,25,F,  
20151025B110-2015-00294A,1,03,2,55,M,02
20151025B110-2015-00933A,1,01,1,51,M,04
20151025B110-2015-00933A,1,03,2,51,F,04
20151025B110-2015-00933A,1,04,3,23,M,04
20151025B110-2015-00933A,1,06,4,19,F,02
20151025B110201501154A,1,01,1,55,M,02
2015102615029349,1,01,1,25,M,02
2015102615029349,1,03,2,60,M,03
2015102615054281,1,01,1,18,F,02
2015102615054281,1,03,2,17,F,02
2015102615132695,1,01,1,44,F,02
20151102C060-2015-00159A,1,01,1,48,F,02
20151102C060-2015-00159A,2,01,2,62,M,  
20151102I-2015-018085,1,01,1,67,F,  
20151102I-2015-018085,2,01,2,53,M,02
2015110315-13321,1,01,1,44,M,02
2015110315-2202,1,01,1,40,F,02
2015110315-32426,1,01,1,24,M,  
2015110315-32426,2,01,2,38,M,04
2015110315-32426,2,03,3,38,M,02
2015110315-36844,1,01,1,37,M,04
2015110315-36844,2,01,2,21,F,  
2015110315-36844,2,03,3,21,M,02
2015110315-38312,1,01,1,26,M,  
2015110315-38312,1,03,2,24,F,02
2015110315-38312,1,05,3,1,F,  
2015110315-38312,2,01,4,30,M,03
2015110315-46165,1,01,1,25,F,02
2015110315-46165,1,03,2,21,F,02
2015110315-46165,1,06,3,4,M,02
2015110315-46165,2,01,4,66,M,04
2015110315-46165,2,03,5,64,F,04
2015110315-8466,2,01,1,20,M,  
2015110315-8466,2,03,2,21,M,02
2015110315-8466,2,05,3,14,F,04
2015110315-8466,2,06,4,19,M,03
20151103D020-2015-00150A,1,01,1,43,F,02
20151103D020-2015-00150A,2,01,2,55,M,  
20151105HT2015-001218,1,01,1,59,M,  
20151106C060-2015-00697A,1,01,1,34,M,02
20151106HT2015-013995,1,01,1,32,F,  
20151106HT2015-013995,1,06,2,6,F,  
20151106HT2015-013995,2,01,3,53,F,02
20151106HT2015-013995,3,01,1,36,M,  
20151106HT2015-013995,3,03,2,30,M,  
20151106HT2015-013995,3,06,3,30,M,  
20151106HT2015-022219,1,01,1,30,F,03
20151106HT2015-022219,1,06,2,4,F,  
20151106HT2015-022219,2,01,3,79,F,02
20151106HT2015-027133,1,01,1,25,F,02
20151106HT2015-027133,2,01,2,18,M,03
2015110715-29709-AC,1,01,1,56,F,02
2015110715-29709-AC,2,01,2,38,F,04
2015111115002534,1,01,1,30,M,  
2015111115002534,1,03,2,, ,  
2015111115002534,1,05,3,, ,  
2015111115006285,1,01,1,84,M,02
2015111115006285,2,01,2,50,F,04
2015111115012713,1,01,1,47,M,02
20151112I-2015-003456,1,01,1,28,M,02
201511132015-6019,1,01,1,53,M,02
201511132015-6572,1,01,1,62,F,02
20151201I-2015-007415,1,01,1,44,M,02
20151201I-2015-007415,1,06,2,67,F,04
20151201I-2015-040661,2,01,1,65,M,  
20151201I-2015-040661,2,04,2,64,F,  
20151201I-2015-040661,2,05,3,66,F,  
20151201I-2015-040661,2,06,4,67,F,  
20151201I-2015-041860,1,01,1,43,M,02
20151201I-2015-043040,1,01,1,39,M,  
20151202D010-2015-00468A,1,01,1,34,M,02
20151202D010-2015-00468A,2,01,2,58,M,  
20151202I-2015-000657,1,01,1,30,M,02
20151202I-2015-004802,1,01,1,19,M,  
20151202I-2015-004802,2,01,2,77,M,02
20151202I-2015-004802,3,01,3,54,M,  
2015120315-495,1,01,1,45,F,  
2015120315-723,1,01,1,37,F,02
2015120315-723,2,01,2,19,F,04
2015120415-29517,1,01,1,28,M,02
2015120415-29517,1,03,2,27,M,03
2015120415-29517,2,01,3,64,M,  
2015120415-31686,1,01,1,52,M,02
2015120415-35357,1,01,1,64,F,04
2015120415-35357,2,01,2,92,F,02
2015120415-55353,1,01,1,58,M,  
2015120415-55353,1,03,2,51,F,  
2015120415-55353,2,01,3,56,M,  
2015120415-55353,3,01,4,64,M,02
2015120415-55353,3,03,5,14,M,04
2015120415-67588,1,01,1,57,M,  
2015120415-75362,1,01,1,27,M,02
2015120415-75960,1,01,1,67,F,02
2015120415-75960,2,01,2,27,M,  
2015120415-77829,1,01,1,84,M,02
2015120415-77829,1,03,2,78,F,  
201512042015-00940A,1,01,1,18,M,04
201512042015-00940A,1,03,2,20,M,03
201512042015-00940A,1,04,3,21,M,03
201512042015-00940A,1,06,4,20,M,04
201512042015-00940A,1,07,5,50,M,02
201512042015-00940A,1,09,6,15,M,03
201512042015-00940A,2,01,7,26,F,04
201512042015-00940A,2,03,8,29,F,04
201512042015-00940A,3,01,9,26,F,03
201512042015-00940A,3,03,10,27,M,03
201512042015-00940A,3,06,11,4,F,03
201512042015-00940A,4,01,12,29,F,  
201512042015-00940A,4,03,13,70,F,04
201512042015-00940A,4,04,14,4,F,  
20151204D010-2015-00492A,1,01,1,51,F,02
20151204D010-2015-00492A,2,01,2,34,M,04
20151204D010-2015-00940A,1,01,1,18,M,04
20151204D010-2015-00940A,1,03,2,20,M,03
20151204D010-2015-00940A,1,04,3,21,M,03
20151204D010-2015-00940A,1,06,4,20,M,04
20151204D010-2015-00940A,1,07,5,50,M,02
20151204D010-2015-00940A,1,09,6,15,M,03
20151204D010-2015-00940A,2,01,7,26,F,04
20151204D010-2015-00940A,2,03,8,29,F,04
20151204D010-2015-00940A,3,01,9,26,F,03
20151204D010-2015-00940A,3,03,10,27,M,03
20151204D010-2015-00940A,3,06,11,4,F,03
20151204D010-2015-00940A,4,01,12,29,F,  
20151204D010-2015-00940A,4,03,13,70,F,04
20151204D010-2015-00940A,4,04,14,4,F,  
2015120515012127,1,01,1,20,M,02
2015120515012127,2,01,2,33,M,  
2015120515022391,1,01,1,38,M,02
2015120515026275,1,01,1,44,F,02
2015120515026275,2,01,2,,M,  
2015120515039292,1,01,1,83,F,02
2015120515039292,1,03,2,83,M,  
2015120515056328,1,01,1,20,M,  
2015120515056328,1,03,2,37,F,02
2015120515056328,2,01,3,28,M,  
2015120515056328,2,03,4,30,F,  
20151205B130201503870A,1,01,1,46,M,02
20151207I-2015-018824,1,01,1,90,M,02
20151207I-2015-018824,2,01,2,44,M,  
20151207I-2015-018824,2,03,3,41,F,  
2015120915008164,1,01,1,20,M,02
2015120915015502,1,01,1,21,F,  
2015120915015502,2,01,2,17,M,  
2015120915015502,2,03,3,17,M,  
2015120915015502,2,06,4,18,M,02
2015120915016571,1,01,1,42,F,02
2015120915016571,2,01,2,20,M,  
2015120915026283,1,01,1,66,M,02
2015120915026283,3,01,2,, ,  
2015120915026283,4,01,3,, ,  
2015120915028941,1,01,1,34,M,02
2015120915028941,1,03,2,18,F,  
2015121015-19599,1,01,1,25,M,04
2015121015-19599,1,03,2,26,M,04
2015121015-19599,1,04,3,25,M,02
2015121015-19599,2,01,4,46,F,04
2015121015-21825,1,01,1,40,M,  
2015121015-21825,2,01,2,42,M,02
2015121015-28508,1,01,1,64,M,02
2015121115-005176,1,01,1,69,M,  
2015121115-005176,2,01,2,54,M,02
2015121115-014041,1,01,1,67,M,  
2015121115-014041,2,01,2,60,F,02
2015121115-014041,3,01,3,70,M,02
2015121115-014041,3,03,4,70,F,03
2015121115-014041,4,01,5,30,M,  
2015121315020497,1,01,1,31,F,02
2015121315020497,2,01,2,38,F,  
2015121315040745,1,01,1,85,M,03
2015121315040745,1,03,2,83,F,02
2015121315040745,2,01,3,24,M,04
2015121415-21426,1,01,1,47,M,  
2015121415-36633,1,01,1,65,F,02
2015121415-61033,1,01,1,29,M,02
2015121415-61033,2,01,2,62,M,  
2015121415-83141,1,01,1,40,M,02
2015121515013141,1,01,1,32,M,02
2015121515013141,2,01,2,41,M,02
2015121515051724,1,01,1,62,M,02
2015121515051724,2,01,2,42,F,04
2015121515051724,3,01,3,28,F,04
2015121515064759,1,01,1,23,F,02
2015121515064803,1,01,1,59,M,02
2015121515064803,2,01,2,24,M,  
2015121615033096,1,01,1,46,M,02
2015121615034583,1,  ,1,22,M,  
2015121615034583,1,01,2,74,M,  
2015121615061886,1,01,1,58,M,02
2015121715032782,1,01,1,28,M,02
2015121715032782,2,01,2,49,F,  
2015121815-08093,1,01,1,53,F,02
2015121915002671,1,01,1,51,M,  
2015121915002671,2,01,2,55,F,02
2015121915013446,1,01,1,27,M,02
2015121915013446,2,01,2,49,M,  
2015121915013446,2,03,3,20,M,  
2015121915013446,2,06,4,50,F,  
2015121915013446,3,01,5,48,M,  
20151219E050-2015-00879A,1,01,1,29,M,02
20151219E050-2015-01282A,1,01,1,29,M,02
20151221I-2015-008727,1,01,1,19,M,02
20151221I-2015-008727,2,01,2,27,M,04
20151221I-2015-008727,3,01,3,48,M,  
20151221I-2015-008727,3,03,4,46,F,04
20151221I-2015-016867,1,01,1,38,M,  
20151221I-2015-016867,1,04,2,36,F,  
20151221I-2015-016867,1,06,3,3,M,  
20151221I-2015-016867,2,01,4,31,M,  
20151221I-2015-016867,2,03,5,28,F,  
20151221I-2015-016867,2,04,6,59,M,  
20151221I-2015-016867,2,06,7,52,F,  
20151221I-2015-016867,3,01,8,26,F,02
20151221I-2015-018120,1,01,1,50,M,02
20151221I-2015-018120,2,01,2,46,M,  
20151221I-2015-041237,1,01,1,68,F,02
20151221I-2015-046467,1,01,1,48,F,04
20151221I-2015-046467,2,01,2,62,F,03
20151221I-2015-046467,3,01,3,21,F,02
20151221I-2015-069946,1,01,1,35,F,  
20151221I-2015-069946,2,01,2,58,M,02
20151221I-2015-071530,1,01,1,58,F,02
2015122215000135,1,01,1,63,F,  
2015122215022634,1,01,1,33,F,04
2015122215022634,2,01,2,48,M,02
2015122315-318-AC,1,01,1,45,M,  
2015122315-362-AC,1,01,1,73,M,  
20151224I-S2015-06097,1,01,1,23,F,  
2015122515043430,1,01,1,24,M,04
2015122515043430,2,01,2,69,M,04
2015122515043430,2,03,3,25,M,02
2015122515067325,1,01,1,40,F,02
2015122515078766,1,01,1,24,M,02
2015122515098776,1,01,1,45,F,  
2015122515098776,2,01,2,52,F,  
2015122515098776,2,03,3,62,M,  
2015122515098776,3,01,4,37,F,02
2015122515120125,1,01,1,64,M,  
2015122515133315,1,01,1,45,F,  
2015122515133315,2,01,2,22,F,02
2015122515133315,2,03,3,19,M,03
20151225B130201502585A,1,01,1,27,F,  
20151225B130201502585A,1,03,2,52,F,  
20151225B130201502585A,2,01,3,46,F,02
20151225D010-2015-00682A,1,01,1,49,M,02
20151225D010-2015-00682A,2,01,2,58,M,  
20151225E040-2015-00538A,1,01,1,,M,  
20151225E040-2015-03753A,1,01,1,41,M,  
20151225E040-2015-03753A,1,03,2,44,F,04
20151225E040-2015-03753A,1,04,3,32,F,02
20151225E040-2015-03753A,1,05,4,29,F,03
20151225E040-2015-03753A,1,06,5,34,F,04
20151225E040-2015-05182A,1,01,1,40,F,  
20151225E040-2015-05182A,2,01,2,38,M,02
2015130315AP33881,1,01,1,62,M,  
2015130315AP34433,1,01,1,68,M,  
2015130515AV01132,1,01,1,48,F,  
2015130515AV01132,2,01,3,27,F,  
2015130615AV02258,1,01,1,61,F,  
201513062015-1234,1,01,1,59,M,03
201513062015-1234,1,03,2,28,M,02
201513062015-1234,2,01,3,30,F,03
201513062015-1234,2,03,4,6,M,  
2015130715-050,1,01,1,77,F,  
2015130815-096,1,01,1,38,F,  
2015130815-096,1,03,2,51,M,  
2015130815-096,1,04,3,7,F,  
20151311I-2015-002378,1,01,1,68,F,02
20151311I-2015-002378,2,01,2,34,F,  
20151311I-2015-011645,1,01,1,55,M,  
2015131515-34,1,01,1,73,M,  
2015131515FB00664,1,01,1,73,M,  
2015131515FB13595,1,01,1,44,M,03
2015131515FB13595,1,02,2,10,F,02
2015131515FB13595,2,01,3,33,F,04
2015131515FB1359515-404,1,01,1,44,M,03
2015131515FB1359515-404,1,02,2,10,F,02
2015131515FB1359515-404,2,01,3,33,F,04
2015131615FT05158,1,01,1,35,M,  
2015131615FT05158,2,01,2,80,M,02
2015131615FT06859,1,01,1,28,M,02
2015131615FT08192,1,01,1,69,M,  
2015131615FT08192,1,03,2,60,F,  
2015131615FT12509,1,01,1,50,F,  
2015131615FT13503,1,01,1,24,M,02
2015131615FT144296,1,01,1,46,M,02
2015131615FT144296,2,01,2,75,M,04
2015131615FT144296,2,03,3,72,F,04
2015131615FT25350,1,01,1,69,F,  
2015131615FT25350,2,01,2,51,M,03
2015131615FT25350,2,04,3,40,F,02
2015131715-2779,1,01,1,30,F,02
2015131715-2779,2,01,2,43,F,02
20151318E050-2015-00589A,1,01,1,49,F,02
2015131915-11411-AC,1,01,1,18,M,  
2015131915-38820-AC,1,01,1,51,M,02
2015131915-41830-AC,1,01,1,71,M,02
2015131915-41830-AC,2,01,2,48,M,  
2015131915-44816-AC,1,01,1,43,M,04
2015131915-44816-AC,1,03,2,24,M,04
2015131915-44816-AC,2,01,3,76,M,02
2015131915-50666-AC,1,01,1,48,F,02
2015131915-50666-AC,2,01,2,56,M,  
2015131915-50666-AC,2,03,3,54,F,  
2015132215-4505,1,01,1,54,F,  
2015132215-4597,1,01,1,21,M,02
2015132215-4934,1,01,1,40,F,02
2015132215-4934,2,01,2,61,M,  
2015132215-7306,3,01,1,33,M,02
2015132215-7306,3,04,2,6,M,  
2015132215-8277,1,01,1,50,F,02
2015132215-8947,1,01,1,25,F,  
2015132215-8947,1,02,2,21,M,  
2015132215-8947,2,01,3,62,F,02
20151323I-2015-005642,1,01,1,47,M,  
2015132515LB22162,1,01,1,46,M,02
2015132615MN25124,1,01,1,21,M,02
2015132615MN26092,1,01,1,, ,  
2015132615MN27561,1,01,1,35,M,02
2015132615MN27561,2,01,2,66,M,03
2015132615MN27561,3,01,3,25,F,04
2015132815-028842,1,01,1,68,M,02
2015132815-028842,2,01,2,68,M,  
2015132815-10544,1,01,1,26,M,02
2015132915MW02195,1,01,1,63,F,02
2015133115-0010,1,01,1,32,F,02
20151331150605-0137,1,01,1,48,F,  
20151331150709-0132,1,01,1,51,F,02
20151331150709-0132,2,01,2,50,M,  
20151331150809-0053,1,01,1,18,F,03
20151331150809-0053,1,03,2,21,F,04
20151331150809-0053,1,04,3,19,F,03
20151331150809-0053,1,06,4,18,F,02
20151331150816-0105,1,01,1,59,M,02
20151331150816-0105,2,01,2,28,M,02
20151332C060-2015-00858A,1,01,1,74,M,02
20151332C060-2015-00858A,2,01,2,32,F,  
2015133415NT00716,1,01,1,51,M,02
2015133415NT16872,1,01,1,53,M,02
2015133415NT17322,1,01,1,27,F,04
2015133415NT17322,1,03,2,29,M,04
2015133415NT17322,1,05,3,3,M,  
2015133415NT17322,1,07,4,47,F,  
2015133415NT17322,2,01,5,36,M,02
2015133415NT20488,1,01,1,55,M,02
2015133415NT28763,1,01,1,62,M,02
2015133415NT28763,2,01,2,23,F,02
2015133415NT30305,1,01,1,28,M,  
2015133415NT30305,2,01,2,59,M,02
2015133415NT32935,1,01,1,41,M,00
2015133415NT32935,2,01,2,20,M,  
2015133415NT32935,2,02,3,, ,00
2015133415NT32935,3,01,4,49,M,02
2015133515NC10554,1,01,1,36,M,02
2015133515NC11071,1,01,1,46,M,  
2015133515NC11071,2,01,2,40,M,02
2015133715OT06620,1,01,1,18,M,04
2015133715OT06620,2,01,2,79,F,  
2015133715OT06620,2,03,3,87,M,02
2015133915-548-AC,1,01,1,34,M,02
2015133915-806-AC,1,01,1,33,M,04
2015133915-806-AC,2,01,2,17,F,02
20151345I-2015-13506,1,01,1,44,F,02
20151345I-2015-13506,2,01,2,67,M,  
201513502015003625,1,01,1,59,F,02
201513502015003625,2,01,2,23,F,  
201513502015003625,2,04,3,2,F,  
201513502015003625,2,06,4,,M,  
201513502015003625,3,01,5,40,M,  
201513502015003625,4,01,6,49,F,  
20151351C060-2015-00953A,1,01,1,45,M,02
20151351C060-2015-01077A,1,01,1,26,M,02
20151351C060-2015-01077A,2,01,2,24,M,  
20151351C060-2015-01077A,2,03,3,29,M,  
201513522015-00217,1,01,1,18,M,  
201513522015-00217,1,03,2,18,M,  
201513522015-00217,1,04,3,17,M,02
201513522015-00217,2,01,4,31,F,04
201513522015-02330,1,01,1,51,F,02
201513522015-02841,1,01,1,20,F,02
201513522015-02841,1,03,2,20,F,02
20151352201503002,1,01,1,24,M,  
20151352201503002,1,03,2,30,F,  
20151352201503002,1,09,3,31,M,  
20151352E050-2015-00012A,1,01,1,23,M,03
20151352E050-2015-00012A,1,03,2,16,M,02
20151352E050-2015-00886A,1,01,1,44,M,02
20151352E050-2015-00886A,1,03,2,8,M,  
20151352E050-2015-02353A,1,01,1,28,M,03
20151352E050-2015-02353A,1,03,2,25,F,02
20151352E050-2015-02353A,1,04,3,24,F,04
20151352E050-2015-02353A,1,06,4,42,M,04
20151352E050-2015-02353A,2,01,5,49,M,  
20151352E050-2015-02512A,1,01,1,21,F,02
20151352E050-2015-02512A,1,03,2,21,F,02
20151352E050-2015-02512A,1,04,3,21,F,03
20151353I-2015-016603,1,01,9,21,M,  
20151353I-2015-016603,1,03,10,20,M,  
20151353I-2015-016603,1,06,11,21,M,  
201514022015-004194,1,01,1,61,M,02
2015140315-9748-AC,1,01,1,50,M,02
2015140315-9748-AC,2,01,2,47,M,02
201514052015-010795,1,01,1,26,M,03
201514052015-010795,2,01,2,41,M,02
201514052015-012458,1,01,1,42,M,  
201514082015-000403,1,01,1,83,M,02
201514082015-000403,2,01,2,59,F,  
201514082015-007269,1,01,1,90,M,  
201514082015-007269,2,01,2,26,M,02
201514092015-008567,1,01,1,50,M,03
201514092015-008567,1,03,2,48,F,02
201514092015-008567,2,01,3,73,M,04
201514092015-028179,1,01,1,18,F,  
201514092015-028179,1,03,2,20,M,  
201514092015-028179,1,04,3,18,M,  
201514092015-028179,1,06,4,, ,  
2015141015-4908,1,01,1,66,M,02
2015141215-02380,1,01,1,42,M,  
2015141215-02380,1,10,2,34,F,02
2015141215-02386,1,01,1,40,F,02
2015141215-02386,2,02,2,60,M,  
2015141215-02386,2,03,3,23,M,  
20151412B080201503068A,1,01,1,49,M,02
20151412B080201503068A,2,01,2,32,M,  
201514132015-001829,1,01,1,34,M,02
2015141515-0602,1,01,1,45,F,02
201514192015-018175,1,01,1,46,M,  
201514192015-018175,2,01,2,24,M,02
201514192015-018175,2,03,3,23,M,04
20151421B080-2015-00068,1,01,1,54,M,  
20151421B080-2015-00068,1,10,2,65,M,  
20151421B080-2015-00068,2,01,3,, ,  
20151421I-2015-004368,1,01,1,38,M,02
20151421I-2015-004368,2,01,2,63,F,02
201514222015-012490,1,01,1,76,F,04
201514222015-012490,1,03,2,81,F,02
201514222015-012490,2,01,3,53,F,  
201514222015-023262,1,01,1,64,M,02
201514222015-023262,2,01,2,51,F,  
201514222015-023262,2,04,3,3,F,  
201514222015-023262,2,08,4,4,M,  
201514242015-010439,1,01,1,40,M,02
201514242015-010439,2,01,2,74,F,04
201514242015-010439,2,03,3,88,F,03
201514242015-010439,2,04,4,84,F,  
201514242015-010439,2,06,5,85,F,  
201514242015-024910,1,01,1,17,M,  
20151427I-2015-074394,1,01,1,77,M,  
20151427I-2015-074394,2,01,2,45,M,02
2015142915-14552,1,01,1,37,M,02
2015142915-25074,1,01,1,35,F,  
2015142915-25074,2,01,2,30,M,02
2015142915-27195,1,01,1,29,F,04
2015142915-27195,1,03,2,11,F,  
2015142915-27195,2,01,3,37,F,02
2015142915-27195,2,05,4,2,F,  
20151429B080-2015-00131A,1,01,1,26,M,02
20151429B080-2015-00131A,2,01,2,26,M,  
20151429B080-2015-00131A,2,03,3,37,F,04
20151429B080-2015-00131A,2,03,4,59,F,04
20151429B080-2015-01122A,1,01,1,17,F,02
20151429B080-2015-01122A,1,05,2,1M,F,  
20151429B080-2015-01122A,1,06,3,23,M,  
20151429B080-2015-01738A,1,01,1,50,M,02
20151429B080-2015-01851A,1,01,1,60,M,02
201514302015-000127,1,01,1,86,F,02
201514302015-000127,2,01,2,53,M,04
201514302015-000127,2,03,3,56,F,03
201514302015-000127,2,04,4,79,F,04
201514302015-000127,2,06,5,58,F,03
201514302015-000127,2,07,6,54,F,03
201514302015-000127,2,09,7,57,F,03
201514322015-010009,1,01,1,48,F,02
201514322015-026797,1,01,1,62,M,02
201514322015-026797,2,01,2,89,M,  
20151435B080-2015-01367A,1,01,1,24,M,03
20151435I-2015-007621,1,01,1,21,M,03
20151435I-2015-007621,1,03,2,21,M,  
20151435I-2015-007621,1,04,3,26,M,02
20151435I-2015-007621,1,06,4,26,M,03
20151435I-2015-017450,1,01,1,27,M,02
20151435I-2015-017450,2,01,2,40,F,03
20151435I-2015-017450,2,03,3,17,M,00
20151435I-2015-017450,2,04,4,13,M,03
20151435I-2015-017450,2,06,5,7,M,00
201514362015-002662,1,01,1,32,F,02
201514362015-002662,2,01,2,53,M,04
201514362015-005109,1,01,1,37,M,  
201514362015-005109,2,01,2,24,M,  
201514362015-005109,3,01,3,20,F,02
201514362015-023246,1,01,1,29,M,02
20151436B080-2015-02036A,1,01,1,49,F,02
20151436B080-2015-02036A,1,03,2,23,F,03
20151436B080-2015-02036A,2,01,3,73,M,  
201514382015-022392,1,01,1,53,F,03
201514382015-022392,2,01,2,17,F,02
201514382015-023788,1,01,1,77,F,02
201514382015-023788,2,01,2,42,M,  
2015150215-48-AC,1,01,1,77,M,  
201515042015-001970,1,01,1,48,F,02
201515042015-001970,2,01,2,41,F,  
201515042015-001970,2,03,3,15,M,  
201515042015-002356,1,01,1,54,M,02
201515042015-002356,1,05,2,48,F,03
201515042015-002356,2,01,3,40,F,  
2015150515001526,1,01,1,82,M,02
2015150515003774,1,01,1,22,M,  
201515062015-00011850,1,01,1,50,F,02
201515062015-00036126,1,01,1,32,F,02
201515062015-00036126,2,01,2,32,F,04
201515062015-00037028,1,01,1,20,F,  
201515062015-00037028,1,03,2,19,F,02
201515062015-00053787,1,01,1,14,M,  
201515062015-00053787,1,03,2,15,M,02
201515062015-00053787,1,04,3,11,M,  
201515062015-00053787,1,06,4,11,M,04
201515062015-00056898,1,01,1,23,M,  
201515062015-00056898,1,03,2,25,M,  
201515062015-00056898,1,04,3,25,M,02
201515062015-00056898,1,06,4,25,M,04
201515062015-00060560,1,01,1,58,M,04
201515062015-00060560,2,01,2,85,F,02
201515062015-00066184,1,01,1,68,M,02
201515062015-00066184,1,03,2,57,M,02
201515062015-00066184,2,01,3,66,F,04
201515062015-00066772,1,01,1,28,F,04
201515062015-00066772,1,03,2,24,M,02
201515062015-00066772,2,01,3,38,F,04
201515062015-00071382,1,01,1,54,F,  
2015150715-00904,1,01,1,75,F,  
2015150715-01590,1,01,1,83,F,02
2015150715-01590,2,01,2,56,M,02
2015150715-01881,1,01,1,17,F,  
2015150715-01881,1,03,2,16,M,02
2015150715-01881,2,01,3,24,F,  
2015150715-01881,2,09,4,3,M,  
2015150715-01881,3,01,5,49,F,04
2015150715-03309,1,01,1,56,M,04
2015150715-03309,2,01,2,18,M,04
2015150715-03309,2,03,3,18,F,02
2015150715-03309,2,07,4,19,M,04
2015150715-03348,1,01,1,86,F,02
2015150715-03348,2,01,2,25,F,03
2015150715-03348,2,04,3,2,F,03
2015150715-03348,2,06,4,3,F,02
2015150715-03348,3,01,5,48,M,03
2015150715-03376,1,01,1,19,M,03
2015150715-03376,1,03,2,17,F,02
2015150715-03376,1,07,3,17,F,02
2015150715-03376,1,09,4,17,F,02
2015150715-04185,1,01,1,29,F,02
2015150715-04185,2,01,2,35,M,04
2015150715-19103,1,01,1,33,F,02
2015150715-19103,1,08,2,2,F,  
2015150715-19103,2,01,3,54,M,04
2015150715-24084,1,01,1,18,F,  
2015150715-25308,1,01,1,19,F,02
2015150715-25308,1,03,2,20,M,03
2015150715-25308,1,07,3,19,F,04
2015150715-25308,1,09,4,27,M,02
2015150715-25308,2,01,5,18,M,04
2015150715-25308,2,03,6,18,M,  
2015150715-25656,1,01,1,18,F,  
2015150715-25656,2,01,2,27,M,02
2015150715-29898,1,01,1,56,M,02
2015150715-29898,1,04,2,57,F,02
2015150715-39555,1,01,1,51,F,02
2015150715-40132,1,01,1,27,M,02
2015150715-40132,2,01,2,49,M,03
2015150715-41839,1,01,1,21,M,02
2015150715-41839,1,02,2,21,M,02
2015150715-41839,1,03,3,25,M,03
2015150715-45122,1,01,1,78,F,03
2015150715-45122,2,01,2,35,M,02
2015150715-46339,1,01,1,43,F,03
2015150715-46339,1,03,2,60,M,03
2015150715-46339,2,01,3,31,M,02
2015150715-46339,3,01,4,62,M,04
2015150715-46339,3,03,5,62,F,04
2015150715-48542,1,01,1,21,M,02
2015150715-48542,2,01,2,36,F,02
2015150715-52854,1,01,1,26,M,  
2015150715-52854,1,03,2,22,F,02
2015150715-58010,1,01,1,52,M,  
2015150715-60700,1,01,1,17,M,  
2015150715-60700,2,01,2,42,F,02
2015150715-60700,2,03,3,21,F,02
2015150715-61312,1,01,1,38,M,  
2015150715-64527,1,01,1,24,M,02
2015150715-64527,1,11,2,20,M,02
2015150715-64527,2,01,3,68,F,  
2015150715-69414,1,01,1,40,M,02
2015150715-69414,2,01,2,53,F,02
2015150715-72500,1,01,1,74,M,02
2015150715-73034,1,01,1,73,F,02
2015150715-73034,2,01,2,20,M,  
20151507E030-2015-01331A,1,01,1,62,M,02
20151511I-2015-003708,1,01,1,25,M,02
20151511I-2015-008723,1,01,1,51,M,00
20151511I-2015-019427,1,01,1,75,M,03
20151511I-2015-019427,1,03,2,24,M,02
20151511I-2015-019427,2,01,3,17,F,04
20151511I-2015-022854,1,01,1,71,M,02
20151511I-2015-022854,2,01,2,33,F,04
20151511I-2015-022854,2,04,3,2,M,04
20151511I-2015-022854,2,06,4,5,F,  
20151511I-2015-026862,1,01,1,37,F,03
20151511I-2015-026862,2,01,2,52,M,02
20151511I-2015-029400,1,01,1,76,M,03
20151511I-2015-029400,1,03,2,72,F,02
20151511I-2015-029400,2,01,3,67,M,  
20151511I-2015-031335,1,01,1,22,M,02
20151511I-2015-038008,1,01,1,51,F,04
20151511I-2015-038008,2,01,2,56,M,03
20151511I-2015-038008,2,05,3,53,F,04
20151511I-2015-038008,3,01,4,40,M,03
20151511I-2015-038008,3,05,5,47,F,02
20151511I-2015-044983,1,01,1,25,M,02
20151511I-2015-044983,2,01,2,51,M,  
20151511I-2015-056882,1,01,1,24,M,03
20151511I-2015-056882,1,03,2,19,M,02
20151511I-2015-056882,1,06,3,24,F,02
2015151215-013922,1,01,1,24,M,02
2015151215-013922,2,01,2,49,F,04
201515132015-006158,1,01,1,82,M,02
2015151415-000066,1,01,1,76,F,02
2015151415-000066,2,01,2,58,M,  
2015151415-000502,1,01,1,19,M,04
2015151415-000502,2,01,2,50,F,02
2015151415-001082,1,01,1,81,F,  
2015151415-001082,1,03,2,85, ,  
2015151415-001899,1,01,1,49,F,  
2015151415-001899,1,10,2,53,F,  
2015151415-001899,1,10,3,15,F,04
2015151415-001899,1,10,4,17,M,  
2015151415-001899,2,01,5,46,M,02
2015151415-003998,1,01,1,43,M,02
2015151415-018783,1,01,1,34,M,  
2015151415-019638,1,01,1,19,F,02
2015151415-019638,2,01,2,27,F,  
2015151415-019638,3,01,3,32,M,  
2015151415-028948,1,01,1,44,M,04
2015151415-028948,2,01,2,24,F,02
2015151415-028948,2,03,3,25,M,04
2015151415-028948,2,07,4,,M,03
2015151415-030366,1,01,1,24,M,04
2015151415-030366,2,01,2,33,F,04
2015151415-030366,2,06,3,61,M,02
2015151415-031028,1,01,1,53,M,  
2015151415-034987,1,01,1,32,M,02
2015151415-036049,1,01,1,26,F,  
2015151415-036238,1,01,1,24,M,  
2015151415-038724,1,01,1,60,M,  
2015151415-038852,1,01,1,24,F,02
2015151415-038852,2,01,2,29,M,04
2015151415-038852,2,03,3,26,F,04
2015151415-038852,2,07,4,29,F,04
2015151415-038852,2,08,5,29,F,04
2015151415-042785,1,01,1,36,F,  
2015151415-042785,1,04,2,1,M,  
2015151415-042785,1,06,3,4,M,  
2015151415-044807,1,01,1,32,M,02
2015151415-069660,1,01,1,47,M,02
2015151415-077225,1,01,1,31,M,02
2015151415-084830,1,01,1,33,M,02
2015151415-091087,1,01,1,40,F,  
2015151615-12678,1,01,1,34,M,  
2015151615-3240,1,01,1,36,M,02
2015151615-5757,1,01,1,19,M,02
2015151615-5757,1,03,2,17,F,02
2015151615-7301,1,01,1,53,M,04
2015151615-7301,2,01,2,29,M,03
2015151615-7301,2,03,3,31,M,02
201515182015-204,1,01,1,69,M,02
201515182015-204,2,01,2,90,F,03
201515182015-204,4,01,3,30,M,  
201515182015-204,5,01,4,72,M,  
201515182015-204,5,02,5,72,F,  
201515182015-204,6,01,6,78,M,  
201515182015-204,7,01,7,28,M,  
201515182015-22,1,01,1,68,M,02
201515182015-314,1,01,1,50,M,02
201515182015-314,1,02,2,22,F,03
201515182015-314,2,01,3,63,F,04
201515182015-530,1,01,1,22,F,04
201515182015-530,1,03,2,33,M,02
201515182015-530,1,04,3,42,F,04
201515182015-530,1,05,4,1,M,00
201515182015-530,1,06,5,7,F,00
201515182015-606,1,01,1,19,M,04
201515182015-606,2,01,2,62,F,02
201515182015-606,2,03,3,62,M,02
201515182015-606,3,01,4,60,M,  
201515182015-606,3,03,5,64,F,  
201515182015-606,4,01,6,20,M,  
201515182015-739,1,01,1,70,F,02
201515182015-739,2,01,2,29,M,04
201515182015-783,1,01,1,67,F,03
201515182015-783,2,01,2,49,F,02
201515182015-878,1,01,1,25,F,03
201515182015-878,1,07,2,22,F,02
201515182015-878,1,07,3,73,F,03
201515182015-878,2,01,4,40,M,04
20151520I-2015-11980,1,01,1,38,M,02
20151520I-2015-26438,1,01,1,39,M,  
20151520I-2015-26438,1,02,2,36,F,  
201515222015-001275,1,01,1,46,M,  
20151523I-2015-000203,1,01,1,42,M,02
20151523I-2015-000203,1,03,2,40,F,04
20151523I-2015-003781,1,01,1,35,M,02
20151523I-2015-003781,1,03,2,32,F,  
20151527I-2015-01176,1,01,1,52,M,02
201515282015-000267,1,01,1,51,M,  
201515282015-000267,1,03,2,46,F,04
201515282015-000267,2,01,3,23,M,02
2015152920150316M0380,1,01,1,23,M,02
20151530I-2015-012543,1,01,1,83,M,03
20151530I-2015-012543,1,03,2,86,M,03
20151530I-2015-012543,2,01,3,52,M,02
20151530I-2015-012543,2,03,4,,M,02
20151530I-2015-028443,1,01,1,53,M,  
20151530I-2015-028443,1,03,2,49,F,  
2015153215-1962-11,1,01,1,51,F,  
2015153215-1962-11,1,03,2,54,M,02
2015153215-1962-11,1,04,3,3,F,03
2015153215-576-28,1,01,1,38,M,02
2015153215-576-28,1,04,2,5,F,03
2015153215-576-28,1,06,3,8,F,03
2015153215-576-28,2,01,4,38,M,04
2015153315004356,1,01,1,67,F,04
2015153315004356,2,01,2,50,M,02
2015153315032076,1,01,1,66,M,  
2015153315032076,2,01,2,25,M,02
20151533E030-2015-00392A,1,01,1,48,M,  
20151533E030-2015-00392A,1,03,2,42,M,04
20151533E030-2015-00392A,1,04,3,49,M,02
2015160115-1428,1,01,1,69,M,02
2015160115-1428,1,03,2,64,F,04
2015160115-3004,1,01,1,67,M,  
2015160215-004864,1,01,1,21,F,02
2015160215-025020,1,01,1,49,M,02
2015160215-16586,1,01,1,54,M,  
2015160215-16586,1,03,2,52,M,  
2015160215-27664,1,00,1,3,M,04
2015160215-27664,1,01,2,71,M,02
2015160215-27664,1,03,3,10,M,04
2015160215-3325,1,01,1,52,F,04
2015160215-3325,2,01,2,63,F,02
2015160215-3325,2,03,3,84,F,  
2015160215-39323,1,01,1,31,M,  
201516022015033110,1,01,1,61,M,02
201516022015046351,1,01,1,58,M,02
201516022015046351,1,03,2,56,M,  
201516022015050610,1,01,1,45,F,  
201516022015051168,1,01,1,33,F,  
201516022015051168,1,04,2,54,F,04
201516022015051168,1,06,3,41,F,04
201516022015051168,2,  ,4,68,M,  
201516022015051168,2,03,5,25,F,04
201516022015051168,3,01,6,81,M,02
201516022015055322,1,01,1,87,F,02
201516022015056649,1,01,1,34,F,04
201516022015056649,1,03,2,37,M,04
201516022015056649,2,01,3,26,M,02
2015160225-28860,1,01,1,42,F,  
2015160225-28860,1,03,2,19,F,  
2015160315-00962,1,01,1,25,M,02
2015160415-07645,1,01,1,40,M,  
2015160415-17612,1,01,1,74,F,02
2015160515-02321,1,01,1,55,M,  
2015160515-06621,1,01,1,38,F,02
2015160515-06621,2,01,2,59,M,  
2015160515-06621,3,01,3,24,F,  
2015160515-06678,1,01,1,68,M,  
2015160715-18964,1,01,1,42,F,02
2015160715-18964,2,01,2,,M,00
2015160715-21313,1,01,1,78,F,03
2015160715-21313,2,01,2,48,F,02
2015160715-21313,2,03,3,24,M,02
2015160715-28101,1,  ,1,31,F,02
2015160715-28101,2,01,2,45,M,  
2015160715-65949,1,01,1,34,M,  
2015160814-000053,1,01,1,34,M,  
2015160814-000053,1,03,2,39,F,04
2015160814-000053,1,04,3,7,F,  
2015160814-000053,1,06,4,15,F,02
2015160814-000053,2,01,5,21,M,03
2015160814-000053,2,03,6,26,M,04
2015160814-000053,2,04,7,24,M,04
2015160814-000053,2,05,8,23,M,03
2015160814-000053,2,05,9,20,M,04
2015160814-000053,2,06,10,18,M,02
2015160815-009592,1,01,1,75,F,  
2015160815-026297,1,01,1,48,F,  
2015160815-042119,1,  ,1,, ,  
2015160815-042119,2,01,2,30,M,02
2015160815-042796,1,01,1,52,M,  
2015160815-042796,1,09,2,49,F,  
2015160815-064037,1,01,1,51,M,02
2015160815-066785,1,01,1,62,F,04
2015160815-066785,2,01,2,35,M,02
2015160815-066785,2,03,3,37,F,04
2015160815-081475,1,01,1,19,F,02
2015160815-081475,2,01,2,31,M,  
2015160815-081654,1,11,1,35,M,03
2015160815-081654,1,11,2,30,F,02
2015160815-081654,2,01,3,,F,  
2015160815-088241,1,01,1,27,M,02
2015160815-088241,2,01,2,55,M,  
2015160815-24521,1,01,1,24,F,  
2015160815-86679,1,01,1,23,M,02
201516082015-022801,1,01,1,49,M,04
201516082015-022801,1,03,2,22,M,  
201516082015-022801,1,04,3,43,F,  
201516082015-022801,1,06,4,18,F,  
201516082015-022801,2,01,5,50,M,02
20151608B060201501227A,1,01,1,46,M,04
20151608B060201501227A,2,01,2,54,M,  
20151608B060201501227A,3,01,3,52,M,03
20151608B060201501227A,3,03,4,51,M,02
20151608B060201501227A,4,01,5,37,M,  
20151608B060201501227A,4,02,6,27,M,  
20151608B060201501227A,4,03,7,38,M,  
20151611I-2015-011714,1,01,1,65,M,02
20151611I-2015-011714,2,01,2,70,M,  
20151611I-2015-011714,2,03,3,52,M,  
201516142015002497,1,01,1,70,F,02
201516142015002497,2,01,2,53,F,04
201516142015013131,1,01,1,49,M,02
201516142015020432,1,01,1,71,F,02
201516142015030199,1,01,1,45,F,02
201516142015030570,1,01,1,48,M,  
201516142015032417,1,01,1,20,M,  
201516142015032417,2,01,2,18,M,  
201516142015032417,2,03,3,19,M,  
201516142015032417,2,11,4,21,M,02
201516142015033341,1,01,1,32,M,04
201516142015033341,1,04,2,24,M,02
201516142015034046,1,01,1,24,M,02
201516142015034046,2,01,2,59,M,  
201516142015034805,1,01,1,22,F,02
201516142015044890,1,01,1,53,M,02
201516142015046032,1,01,1,23,M,02
20151614B060-2015-01909A,1,01,1,27,M,02
20151614B060-2015-01909A,2,01,2,48,M,  
2015161515-10607-AC,1,01,1,38,F,02
2015161515-10607-AC,2,01,2,54,M,  
2015161515-3500-AC,1,01,1,48,F,02
2015161515-7230-AC,1,01,1,40,F,  
2015161515-7230-AC,2,01,2,52,F,04
2015161515-7230-AC,3,01,3,42,F,02
2015161515-7230-AC,4,01,4,64,M,  
20151709A140-2015-00539A,1,01,1,26,M,04
20151709A140-2015-00539A,1,03,2,26,F,  
20151709A140-2015-00539A,1,06,3,54,F,  
20151709A140-2015-00539A,2,01,4,53,F,02
20151709A140-2015-00561A,1,01,1,66,M,02
20151710A040-2015-00389A,1,01,1,46,M,02
20151710A040-2015-00537A,1,01,1,50,M,02
20151710A040-2015-00661A,1,01,1,18,F,  
20151710A040-2015-00661A,2,01,2,41,M,02
20151710A040-2015-00661A,2,03,3,30,F,02
20151710A040-2015-00983A,1,01,1,20,F,02
20151713CP-2015-10722,1,01,1,32,M,02
20151713I-2015-03036,1,01,1,33,M,02
20151713I-2015-03036,2,01,2,40,F,  
20151713I-2015-03036,3,01,3,49,M,  
20151713I-2015-03898,1,01,1,20,F,02
20151713I-2015-03898,1,03,2,32,F,03
20151713I-2015-03898,2,01,3,49,M,  
20151713I-2015-03989,1,01,1,20,F,02
20151713I-2015-03989,1,03,2,32,F,03
20151713I-2015-03989,2,01,3,49,M,  
20151713I-2015-04869,1,01,1,36,M,02
20151713I-2015-04869,2,01,2,61,F,04
20151713I-2015-04869,2,04,3,5,M,04
20151713I-2015-05108,1,01,1,18,M,02
20151714A140-2015-00001A,1,01,1,31,F,03
20151714A140-2015-00001A,2,01,2,35,F,03
20151714A140-2015-00001A,2,03,3,34,M,02
20151714A140-2015-00001A,2,04,4,4,F,03
20151714A140-2015-00001A,2,05,5,8,M,04
20151714A140-2015-00001A,2,06,6,5,F,04
20151714A140-2015-00135A,1,01,1,27,F,02
20151802B130-2015-02968A,1,01,1,54,M,02
20151802BT-2015-001680,1,01,1,26,M,02
20151802BT-2015-001680,2,01,2,48,F,03
20151802BT-2015-001680,2,03,3,17,F,03
20151802BT-2015-002037,1,01,1,53,M,  
20151802BT-2015-002037,1,10,2,60,M,02
20151802BT-2015-002152,1,01,1,17,F,02
20151802BT-2015-002152,1,02,2,17,F,02
20151802BT-2015-002504,1,01,1,24,M,  
20151803I-2015-015742,1,01,1,49,M,03
20151803I-2015-015742,2,01,2,54,M,02
2015180415005530,1,01,1,18,F,04
2015180415005530,2,01,2,27,M,02
2015180615148377,1,01,1,26,M,02
2015180615152050,1,01,1,40,F,04
2015180615152050,2,01,2,39,M,02
2015180615152050,2,03,3,39,F,04
2015180615152050,2,04,4,45,M,03
2015180615152050,2,06,5,49,M,02
2015180615153512,1,01,1,30,F,  
2015180615228151,1,01,1,27,M,  
201518062015-00000620,1,01,1,74,M,02
201518062015-00001620,1,01,1,74,M,02
20151806B130-2015-02127A,1,01,1,36,M,03
20151806B130-2015-02127A,1,03,2,30,M,03
20151806B130-2015-02127A,1,04,3,10,M,04
20151806B130-2015-02127A,1,05,4,36,F,03
20151806B130-2015-02127A,1,05,5,6,M,04
20151806B130-2015-02127A,1,06,6,34,F,03
20151806B130-2015-02127A,1,07,7,17,M,02
20151806B130-2015-02127A,1,08,8,9,F,03
20151806B130-2015-02127A,1,08,9,36,F,03
20151806B130-2015-02127A,1,09,10,13,M,03
20151806B130-2015-02127A,2,01,11,18,M,  
20151807B130201504321A,1,01,1,38,M,  
20151807B130201504321A,2,01,2,43,M,02
2015180815002443,1,01,1,29,M,02
2015180815012659,1,01,1,25,M,  
2015180815018456,1,01,1,58,M,02
2015180815018456,2,01,2,31,M,  
2015180815018456,2,03,3,28,F,  
2015180815018456,2,04,4,55,F,  
2015180815030406,1,01,1,,M,  
2015180815066957,1,01,1,14,M,02
2015180815066957,1,11,2,14,M,  
2015180915128342,1,01,1,27,M,  
2015180915128342,2,01,2,55,M,02
2015181015-2376,1,01,1,54,M,02
201518102015-1371,1,01,1,67,F,  
201518102015-482,1,01,1,24,M,02
201518102015-485,1,01,1,52,M,02
201518102015-51,1,01,1,44,F,02
20151814I-N2015-030529,1,01,1,19,M,04
20151814I-N2015-030529,1,03,2,20,M,  
20151814I-N2015-030529,2,01,3,44,F,04
20151814I-N2015-030529,2,03,4,17,M,  
20151814I-N2015-030529,2,07,5,7,M,02
2015181615000868,1,01,1,48,F,03
2015181615000868,2,01,2,46,F,02
2015181815005774,1,01,1,38,F,03
2015181815005774,2,01,2,70,M,02
2015181815005774,2,03,3,84,F,02
2015181815008156,1,01,1,51,F,02
2015181815009963,1,01,1,81,M,02
2015181815014407,1,01,1,56,M,  
2015181815016042,1,01,1,23,M,02
2015181915093442,1,01,1,69,F,02
2015181915093442,2,01,2,40,M,  
2015181915093442,2,03,3,67,M,  
2015181915093442,2,04,4,5M,M,  
2015181915093442,2,06,5,59,F,03
2015181915093442,2,07,6,7,M,  
2015181915093442,2,08,7,37,F,  
2015181915093442,2,09,8,2,M,  
20151820B130-2015-00274A,1,01,1,47,M,  
20151820B130-2015-00274A,2,01,2,27,M,02
20151820B130-2015-00274A,2,03,3,24,F,04
20151902I-2015-002993,1,01,1,18,M,03
20151902I-2015-002993,1,03,2,15,M,02
20151902I-2015-002993,1,06,3,19,M,02
20151902I-2015-002993,2,01,4,24,M,  
20151902I-2015-003591,1,01,1,66,M,02
20151902I-2015-012069,1,01,1,21,M,02
20151902I-2015-012069,1,03,2,21,F,02
20151905B050-2015-00471A,1,01,1,37,M,02
20151905B050-2015-00471A,1,03,2,25,M,02
20151905B050-2015-00471A,2,01,3,24,M,  
20151905B050-2015-00471A,3,01,4,23,F,02
20151906FP2015-004903,1,01,1,35,M,02
20151906FP2015-006388,1,01,1,32,F,02
20151906FP2015-006388,1,02,2,34,M,  
20151906FP2015-006388,2,01,3,55,F,  
20151906FP2015-006388,2,03,4,25,F,  
20151906FP2015-006388,2,05,5,,F,  
20151906FP2015-006388,3,01,6,31, ,  
2015191115-07918,1,01,1,43,M,02
2015191115-10485,1,01,1,19,M,02
2015191115-11276,1,01,1,21,M,04
2015191115-11276,1,03,2,43,M,04
2015191115-11276,2,01,3,66,M,02
2015191115-17337,1,01,1,50,F,  
2015191215-09986,1,01,1,33,M,02
2015191215-12294,1,01,1,22,M,02
20151913B050201501477A,1,01,1,22,M,04
20151913B050201501477A,1,03,2,21,F,02
20151913B050201501477A,2,01,3,21,M,  
20151914B050-2015-00548A,1,01,1,24,M,04
20151914B050-2015-00548A,1,05,2,22M,F,02
20151915NPD-2015-005846,1,01,1,23,M,  
20151915NPD-2015-018316,1,01,1,17,F,  
20151915NPD-2015-018316,1,03,2,26,F,  
20151915NPD-2015-018316,1,04,3,16,F,03
20151915NPD-2015-018316,1,06,4,16,F,02
20151915NPD-2015-018316,2,01,5,20,M,04
20151915NPD-2015-018316,3,01,6,49,M,  
20151915NPD-2015-019198,1,01,1,56,M,02
20151915NPD-2015-019198,2,01,2,41,F,  
20151916OP2015-001423,1,01,1,53,M,02
20151918ST2015-005272,1,01,1,52,F,02
20151919SB2015-000854,1,01,1,49,M,02
20151920B050-2015-00315A,1,01,1,19,M,  
2015192215-00961,1,01,1,25,M,02
20151924B050-2015-00588A,1,01,1,23,M,02
20151924B050-2015-00588A,2,01,2,27,M,04
20151924B050-2015-00588A,3,01,3,23,M,04
20151924B050-2015-00588A,4,01,4,28,M,  
20151924B050-2015-00588A,5,01,5,25,M,  
20151924B050-2015-00588A,6,01,6,22,M,  
20152001B130-2015-00002A,1,01,1,68,F,03
20152001B130-2015-00002A,1,03,2,114,F,02
20152001B130-2015-00002A,1,06,3,16,F,04
20152001B130-2015-01779A,2,01,1,25,M,04
20152001B130-2015-01779A,2,03,2,18,M,04
20152001B130-2015-01779A,2,06,3,24,M,02
2015200215-03305,1,01,1,21,M,  
20152002E040-2015-00530A,1,01,1,31,M,02
2015200315-02361,1,01,1,20,M,  
2015200315-10611,1,01,1,59,F,02
2015200315-10611,2,01,2,40,M,  
2015200315-49078,1,01,1,39,F,  
2015200315-49078,1,03,2,37,M,02
2015200315-52790,1,01,2,63,F,  
2015200415-002774,1,01,1,56,M,02
2015200415-030920,1,01,1,34,M,  
2015200415-030920,1,03,2,27,F,02
2015200415-030920,1,04,3,27,F,04
2015200415-030920,1,05,4,24,F,04
2015200415-030920,1,06,5,29,F,04
2015200415-045395,1,01,1,42,M,  
2015200415-045395,1,03,2,10,M,  
2015200415-045395,1,04,3,4,F,  
2015200415-045395,1,05,4,38,F,02
2015200415-045395,1,06,5,3,F,  
2015200415-050049,1,01,1,33,F,02
2015200415-077225,1,01,1,27,F,04
2015200415-077225,1,03,2,68,F,02
2015200415-087798,1,01,1,40,M,  
2015200415-4892,1,01,1,21,M,04
2015200415-4892,2,01,2,59,M,03
2015200415-4892,2,06,3,64,F,02
2015200415-5727,1,01,1,39,F,04
2015200415-5727,1,03,2,16,M,00
2015200415-5727,1,06,3,9,M,02
2015200415-5727,2,01,4,48,M,04
2015200415-5727,2,03,5,49,F,03
2015200415-605,1,01,1,28,M,  
2015200415-605,2,01,2,19,F,02
2015200415-605,2,03,3,23,M,03
2015200415-7058,1,01,1,65, ,  
2015200415-7058,2,01,2,55,M,02
20152004D030-2015-00865A,1,01,1,39,M,  
20152004D030-2015-00865A,2,01,2,37,F,02
2015200715-000777,1,01,1,21,M,03
2015200715-000777,1,03,2,23,M,02
2015200715-12281,1,01,1,,M,02
2015200715-12281,1,03,2,26,M,03
2015200715-16959,1,01,1,41,M,  
2015200715-16959,2,01,2,30,M,02
2015200715-17388,1,01,1,27,M,  
2015200715-17388,1,06,2,,M,02
2015200715-17388,2,01,3,28,F,  
2015200715-17388,2,03,4,29,M,  
2015200715-8709,1,01,1,22,M,  
2015200715-8709,2,01,2,56,M,04
2015200715-8709,3,01,3,56,M,  
2015200715-8709,4,01,4,64,M,  
2015200715-8709,5,01,5,58,F,02
2015200715-8709,6,01,6,27,F,04
20152007E040-2015-01425A,1,01,1,35,F,02
20152007E040-2015-01425A,2,01,2,80,M,  
20152007E040-2015-01425A,2,03,3,48,F,  
20152007E040-2015-01425A,2,04,4,70,M,  
20152007E040-2015-01425A,2,06,5,77,M,  
20152007E040-2015-01425A,3,01,6,51,M,  
20152007E040-2015-05238A,1,01,1,28,F,02
20152007E040-2015-05238A,1,03,2,38,M,02
20152007E040-2015-05238A,2,01,3,34,F,04
20152007E040-2015-05239A,1,01,1,28,F,02
20152007E040-2015-05239A,1,03,2,38,M,02
20152007E040-2015-05239A,2,01,3,34,F,04
20152007E040-2015-05239A,3,01,4,57,F,03
20152007E040-2015-05239A,3,03,5,62,M,04
2015200815-16223,1,01,1,44,M,04
2015200815-16223,1,02,2,, ,  
2015200815-16223,2,01,3,38,M,02
2015200815-16223,3,01,4,51,F,  
2015200815-16223,3,02,5,53,M,  
2015200915051181,1,01,1,41,F,02
2015200915051181,1,03,2,15,F,02
2015200915054355,1,01,1,32,M,02
20152009D030-2015-04265A,1,01,1,25,F,04
20152009D030-2015-04265A,1,03,2,26,M,02
20152009D030-2015-04265A,2,01,3,50,F,  
20152010I-2015-006616,1,01,1,46,F,02
20152010I-2015-006616,2,01,2,18,M,04
20152010I-2015-006858,1,01,1,56,M,  
20152010I-2015-006858,2,01,2,26,M,02
20152011NPPD-2015-1933,1,01,1,64,F,02
20152011NPPD-2015-1933,2,01,2,56,M,  
2015201215002015,1,02,1,25,M,02
2015201215020151,1,01,1,33,M,  
2015201215020151,1,03,2,,M,02
2015201215020151,2,01,3,31,M,04
2015201215020151,2,03,4,31,F,04
2015201215022250,1,01,1,32,M,  
2015201215022250,1,11,2,36,F,02
2015201215032302,2,01,1,80,F,02
2015201315-13836,1,01,1,37,M,02
2015201315-27972,1,01,1,33,M,03
2015201315-27972,2,01,2,65,M,02
2015201315-27972,3,01,3,53,M,04
2015201315-27972,3,03,4,47,F,04
2015201315-27972,4,01,5,38,M,  
2015201315-27972,5,01,6,35, ,  
2015201315-29796,1,01,1,31,M,02
2015201415-17176,1,01,1,31,M,02
2015201415-27046,1,01,1,27,M,  
2015201415-7493,1,01,1,56,F,02
2015201415-7493,1,03,2,10,F,03
2015201415-7493,2,01,3,34,F,04
2015201415-7493,2,04,4,5,M,03
2015201515-20529,1,01,1,74,F,03
2015201515-20529,1,03,2,70,F,02
20152016I-2015-01432,1,01,1,32,M,  
20152016I-2015-01432,1,03,2,,M,04
20152016I-2015-01432,2,01,3,43,F,03
20152016I-2015-01432,3,01,4,37,F,02
20152016I-2015-08524,1,01,1,53,M,02
20152016I-2015-10866,1,01,1,74,M,02
20152016I-2015-13027,1,01,1,65,M,04
20152016I-2015-13027,2,01,2,42,M,02
20152016I-2015-13609,1,01,1,89,F,02
20152016I-2015-13609,2,01,2,33,M,  
20152016I-2015-13609,2,11,3,,M,02
20152016I-2015-13609,2,11,4,,M,  
20152016I-2015-13609,3,01,5,78,M,04
20152017B130201503831A,1,01,1,40,M,02
20152017B130201503831A,2,01,2,39,M,  
20152017I-2015-009494,1,01,1,18,M,02
20152017I-2015-009494,2,01,2,30,F,04
20152017I-2015-009494,2,03,3,34,M,04
20152017I-2015-009494,2,06,4,9,F,04
20152017I-2015-009494,3,01,5,21,M,04
2015201815-000765,1,01,1,44,M,03
2015201815-000765,1,03,2,45,F,02
2015201915-450UP-014885-15,1,01,1,21,M,02
20152019UP-016658-15,1,01,1,29,F,02
20152019UP-016658-15,1,03,2,10,M,  
20152019UP-016658-15,1,06,3,5,M,  
20152019UP-016658-15,2,01,4,18,M,03
20152019UP-016658-15,2,03,5,18,F,04
20152019UP-03953-15UP-0588?,1,01,1,24,M,02
20152019UP-03953-15UP-0588?,2,01,2,90,M,  
20152019UP-03953-15UP-0588?,2,03,3,86,F,  
20152019UP-060875-15,1,01,1,31,M,03
20152105B150-2015-00120A,1,01,1,30,M,02
20152105B150201500341A,1,01,1,43,M,  
20152105B150201500341A,2,01,2,22,M,03
20152105B150201500341A,3,01,3,51,M,02
20152106B020-2015-00689A,1,01,1,26,F,04
20152106B020-2015-00689A,1,03,2,41,M,03
20152106B020-2015-00689A,1,04,3,20,F,02
20152106B020-2015-00689A,1,06,4,45,M,03
2015210798-15-02409,1,01,1,17,M,02
2015210798-15-02409,1,03,2,17,F,04
2015210798-15-02409,2,03,3,31,F,03
2015210798-15-02409,3,01,4,69,M,  
2015210798-15-02409,3,01,5,69,F,  
2015210798-15-03455,1,01,1,56,F,02
201521082015-002535,1,01,1,17,F,  
201521082015-002535,1,03,2,49,M,  
201521152015-06503,1,01,1,35,M,02
2015211615-0085,1,01,1,42,F,  
2015211615-0085,1,06,2,5,F,  
2015211715-0142,1,01,1,36,M,02
20152119PD-15-001442,1,01,1,23,M,02
20152119PD-15-005308,1,01,1,36,F,02
20152119PD-15-005308,2,01,2,69,M,  
2015212075-15-02564,1,01,1,68,M,02
2015212075-15-02564,1,02,2,50,F,02
2015212075-15-05423,1,01,1,17,F,  
2015212075-15-05423,1,03,2,19,F,  
2015212075-15-05423,1,04,3,19,F,  
2015212075-15-05423,1,06,4,15,F,  
20152120B110-2015-00558A,1,01,1,52,M,02
20152120B110-2015-00558A,1,03,2,39,F,  
20152120B110-2015-0058A,1,01,1,52,M,02
20152120B110-2015-0058A,1,03,2,39,F,  
2015212215-011,1,01,1,58,M,  
2015212215-333,1,01,1,28,F,03
2015212215-333,2,01,2,20,M,03
2015212215-333,2,03,3,23,F,02
2015212215-356,1,01,1,43,M,02
